Years;15
"Number of Indicators filled";0
;U;;;;;YU;;;;;LTU;;;;;DIPH;;;;;PRPSE;;;;;SMDR;;;;;DI;;;;;ECE;;;;;PLSEA;;;;;PTEA;;;;;ELET;;;;;PCVV;;;;;IPSE_EU28;;;;;IPSE_NEU28;;;;;ARPOP;;;;;A;;;;;AD;;;;;AO;;;;;RDS;;;;;DS;;;;;NCSD;;;;;PAC;;;;;PVMPA;;;;;AFV;;;;;LB20;;;;;PM25;;;;;PM10;;;;;TEAP;;;;;NPETN;;;;;PPG;;;;;CS;;;;;ANR;;;;;CHHPD;;;;;PD;;;;;PBST;;;;;PHW;;;;;PPWS;;;;;DWQ_M;;;;;DWQ_CH;;;;;PWT;;;;;ITAR;;;;;VRA;;;;;FRTA;;;;;GP;;;;;CCBH;;;;;LTCBNR;;;;;MD;;;;;HP;;;;;MT;;;;;PUE;;;;;HD;;;;;HCE;;;;;HCE_PH;;;;;HCE_G;;;;;LEB;;;;;LEB_S;;;;;LE65;;;;;IM;;;;;PNM;;;;;NNM;;;;;PM;;;;;ADHCM;;;;;PDM;;;;;IDM;;;;;LTAM;;;;;DCSM;;;;;DRSM;;;;;CM;;;;;IHDM;;;;;CDM;;;;;CCM;;;;;LTBLCM;;;;;BCM;;;;;PCM;;;;;PLSI;;;;;SPLG;;;;;UNME;;;;;DALY;;;;;LBW;;;;;PB
;"Filled Cells";Mean;Mediana;"Minimum Value";"Maximum Value";"Filled Cells";Mean;Mediana;"Minimum Value";"Maximum Value";"Filled Cells";Mean;Mediana;"Minimum Value";"Maximum Value";"Filled Cells";Mean;Mediana;"Minimum Value";"Maximum Value";"Filled Cells";Mean;Mediana;"Minimum Value";"Maximum Value";"Filled Cells";Mean;Mediana;"Minimum Value";"Maximum Value";"Filled Cells";Mean;Mediana;"Minimum Value";"Maximum Value";"Filled Cells";Mean;Mediana;"Minimum Value";"Maximum Value";"Filled Cells";Mean;Mediana;"Minimum Value";"Maximum Value";"Filled Cells";Mean;Mediana;"Minimum Value";"Maximum Value";"Filled Cells";Mean;Mediana;"Minimum Value";"Maximum Value";"Filled Cells";Mean;Mediana;"Minimum Value";"Maximum Value";"Filled Cells";Mean;Mediana;"Minimum Value";"Maximum Value";"Filled Cells";Mean;Mediana;"Minimum Value";"Maximum Value";"Filled Cells";Mean;Mediana;"Minimum Value";"Maximum Value";"Filled Cells";Mean;Mediana;"Minimum Value";"Maximum Value";"Filled Cells";Mean;Mediana;"Minimum Value";"Maximum Value";"Filled Cells";Mean;Mediana;"Minimum Value";"Maximum Value";"Filled Cells";Mean;Mediana;"Minimum Value";"Maximum Value";"Filled Cells";Mean;Mediana;"Minimum Value";"Maximum Value";"Filled Cells";Mean;Mediana;"Minimum Value";"Maximum Value";"Filled Cells";Mean;Mediana;"Minimum Value";"Maximum Value";"Filled Cells";Mean;Mediana;"Minimum Value";"Maximum Value";"Filled Cells";Mean;Mediana;"Minimum Value";"Maximum Value";"Filled Cells";Mean;Mediana;"Minimum Value";"Maximum Value";"Filled Cells";Mean;Mediana;"Minimum Value";"Maximum Value";"Filled Cells";Mean;Mediana;"Minimum Value";"Maximum Value";"Filled Cells";Mean;Mediana;"Minimum Value";"Maximum Value";"Filled Cells";Mean;Mediana;"Minimum Value";"Maximum Value";"Filled Cells";Mean;Mediana;"Minimum Value";"Maximum Value";"Filled Cells";Mean;Mediana;"Minimum Value";"Maximum Value";"Filled Cells";Mean;Mediana;"Minimum Value";"Maximum Value";"Filled Cells";Mean;Mediana;"Minimum Value";"Maximum Value";"Filled Cells";Mean;Mediana;"Minimum Value";"Maximum Value";"Filled Cells";Mean;Mediana;"Minimum Value";"Maximum Value";"Filled Cells";Mean;Mediana;"Minimum Value";"Maximum Value";"Filled Cells";Mean;Mediana;"Minimum Value";"Maximum Value";"Filled Cells";Mean;Mediana;"Minimum Value";"Maximum Value";"Filled Cells";Mean;Mediana;"Minimum Value";"Maximum Value";"Filled Cells";Mean;Mediana;"Minimum Value";"Maximum Value";"Filled Cells";Mean;Mediana;"Minimum Value";"Maximum Value";"Filled Cells";Mean;Mediana;"Minimum Value";"Maximum Value";"Filled Cells";Mean;Mediana;"Minimum Value";"Maximum Value";"Filled Cells";Mean;Mediana;"Minimum Value";"Maximum Value";"Filled Cells";Mean;Mediana;"Minimum Value";"Maximum Value";"Filled Cells";Mean;Mediana;"Minimum Value";"Maximum Value";"Filled Cells";Mean;Mediana;"Minimum Value";"Maximum Value";"Filled Cells";Mean;Mediana;"Minimum Value";"Maximum Value";"Filled Cells";Mean;Mediana;"Minimum Value";"Maximum Value";"Filled Cells";Mean;Mediana;"Minimum Value";"Maximum Value";"Filled Cells";Mean;Mediana;"Minimum Value";"Maximum Value";"Filled Cells";Mean;Mediana;"Minimum Value";"Maximum Value";"Filled Cells";Mean;Mediana;"Minimum Value";"Maximum Value";"Filled Cells";Mean;Mediana;"Minimum Value";"Maximum Value";"Filled Cells";Mean;Mediana;"Minimum Value";"Maximum Value";"Filled Cells";Mean;Mediana;"Minimum Value";"Maximum Value";"Filled Cells";Mean;Mediana;"Minimum Value";"Maximum Value";"Filled Cells";Mean;Mediana;"Minimum Value";"Maximum Value";"Filled Cells";Mean;Mediana;"Minimum Value";"Maximum Value";"Filled Cells";Mean;Mediana;"Minimum Value";"Maximum Value";"Filled Cells";Mean;Mediana;"Minimum Value";"Maximum Value";"Filled Cells";Mean;Mediana;"Minimum Value";"Maximum Value";"Filled Cells";Mean;Mediana;"Minimum Value";"Maximum Value";"Filled Cells";Mean;Mediana;"Minimum Value";"Maximum Value";"Filled Cells";Mean;Mediana;"Minimum Value";"Maximum Value";"Filled Cells";Mean;Mediana;"Minimum Value";"Maximum Value";"Filled Cells";Mean;Mediana;"Minimum Value";"Maximum Value";"Filled Cells";Mean;Mediana;"Minimum Value";"Maximum Value";"Filled Cells";Mean;Mediana;"Minimum Value";"Maximum Value";"Filled Cells";Mean;Mediana;"Minimum Value";"Maximum Value";"Filled Cells";Mean;Mediana;"Minimum Value";"Maximum Value";"Filled Cells";Mean;Mediana;"Minimum Value";"Maximum Value";"Filled Cells";Mean;Mediana;"Minimum Value";"Maximum Value";"Filled Cells";Mean;Mediana;"Minimum Value";"Maximum Value";"Filled Cells";Mean;Mediana;"Minimum Value";"Maximum Value";"Filled Cells";Mean;Mediana;"Minimum Value";"Maximum Value";"Filled Cells";Mean;Mediana;"Minimum Value";"Maximum Value";"Filled Cells";Mean;Mediana;"Minimum Value";"Maximum Value";"Filled Cells";Mean;Mediana;"Minimum Value";"Maximum Value";"Filled Cells";Mean;Mediana;"Minimum Value";"Maximum Value"
2001;" ";197;" ";1;281;" ";191,13333333333;" ";1;299;" ";242,33333333333;" ";1;296;" ";206,13333333333;" ";1;296;" ";207,93333333333;" ";1;296;" ";199,06666666667;" ";1;300;" ";261,73333333333;" ";1;294;" ";202,26666666667;" ";1;300;" ";238,33333333333;" ";1;274;" ";230,33333333333;" ";1;296;" ";187,2;" ";1;264;" ";229,4;" ";21;296;" ";235,06666666667;" ";1;288;" ";194;" ";1;269;" ";209,53333333333;" ";1;299;" ";212,33333333333;" ";1;300;" ";211,93333333333;" ";1;297;" ";236,93333333333;" ";1;285;" ";219;" ";1;291;" ";243,8;" ";1;289;" ";208,26666666667;" ";8;300;" ";290,46666666667;" ";10;299;" ";206,33333333333;" ";10;290;" ";239,4;" ";37;290;" ";241,66666666667;" ";2;297;" ";198,2;" ";5;287;" ";247,33333333333;" ";8;255;" ";1,5333333333333;" ";1;1;" ";219,73333333333;" ";14;300;" ";261,13333333333;" ";5;291;" ";196,6;" ";17;296;" ";260,4;" ";45;279;" ";221,2;" ";1;282;" ";168,53333333333;" ";3;272;" ";235,86666666667;" ";22;281;" ";232,6;" ";14;297;" ";238,46666666667;" ";6;288;" ";235,4;" ";19;287;" ";200,06666666667;" ";4;300;" ";240,2;" ";5;278;" ";229,86666666667;" ";15;297;" ";245,93333333333;" ";22;299;" ";244,73333333333;" ";15;281;" ";253,86666666667;" ";40;292;" ";232,46666666667;" ";10;297;" ";189;" ";6;286;" ";185,33333333333;" ";13;268;" ";227,53333333333;" ";2;299;" ";240,73333333333;" ";21;298;" ";197,33333333333;" ";1;297;" ";246;" ";7;298;" ";261,8;" ";32;294;" ";274,86666666667;" ";36;300;" ";267,26666666667;" ";22;299;" ";260,6;" ";8;291;" ";284;" ";47;284;" ";198,4;" ";10;300;" ";255,4;" ";19;250;" ";182,93333333333;" ";4;237;" ";200,8;" ";13;291;" ";180,26666666667;" ";13;255;" ";245,26666666667;" ";10;297;" ";193,66666666667;" ";5;298;" ";236,26666666667;" ";8;286;" ";237,46666666667;" ";6;290;" ";190,06666666667;" ";12;276;" ";253,66666666667;" ";10;300;" ";219,66666666667;" ";19;298;" ";200,8;" ";4;286;" ";248,6;" ";30;246;" ";257,93333333333;" ";31;294;" ";263,73333333333;" ";1;289;" ";198,06666666667;" ";15;298;" ";251,6;" ";12;294;" ";220,06666666667;" ";4;291;" ";254,53333333333;" ";24;287;" ";225,66666666667;" ";3;292;" ";191,93333333333;" ";2;290;" ";197,26666666667;" ";12;266;" ";249,06666666667;" ";4;296
2002;" ";162,4;" ";1;299;" ";199,06666666667;" ";14;284;" ";188,6;" ";17;293;" ";191,06666666667;" ";18;299;" ";204,73333333333;" ";13;276;" ";196,73333333333;" ";6;248;" ";229,2;" ";25;278;" ";206,46666666667;" ";8;298;" ";155,4;" ";10;296;" ";240,2;" ";7;274;" ";148,86666666667;" ";8;230;" ";210,73333333333;" ";28;284;" ";179,53333333333;" ";8;287;" ";203,4;" ";1;295;" ";167,6;" ";12;288;" ";176,46666666667;" ";2;295;" ";202,4;" ";19;291;" ";195,8;" ";8;297;" ";241,8;" ";8;297;" ";184;" ";1;289;" ";275,26666666667;" ";90;293;" ";178;" ";5;284;" ";181,6;" ";2;252;" ";256,4;" ";31;300;" ";170,93333333333;" ";4;300;" ";154,33333333333;" ";3;293;" ";143,13333333333;" ";2;262;" ";23,066666666667;" ";1;230;" ";160,73333333333;" ";8;241;" ";199,53333333333;" ";12;280;" ";213,8;" ";14;281;" ";228,4;" ";1;297;" ";222;" ";4;290;" ";235,26666666667;" ";3;296;" ";189,8;" ";17;279;" ";162,2;" ";8;288;" ";233,66666666667;" ";31;298;" ";178,93333333333;" ";10;292;" ";227,73333333333;" ";16;296;" ";190,73333333333;" ";5;291;" ";167,93333333333;" ";2;289;" ";159;" ";1;265;" ";190,86666666667;" ";11;254;" ";186,86666666667;" ";8;297;" ";216,73333333333;" ";25;291;" ";233,33333333333;" ";50;294;" ";249,26666666667;" ";4;297;" ";197,8;" ";23;300;" ";219,33333333333;" ";28;275;" ";229,06666666667;" ";44;300;" ";239,8;" ";7;291;" ";195,33333333333;" ";31;294;" ";172,2;" ";9;287;" ";200,53333333333;" ";14;294;" ";222,8;" ";8;281;" ";277,06666666667;" ";98;300;" ";202,2;" ";9;284;" ";238,33333333333;" ";6;286;" ";236,2;" ";11;293;" ";216,26666666667;" ";5;284;" ";197,93333333333;" ";2;288;" ";173,86666666667;" ";7;279;" ";187,2;" ";5;275;" ";183,66666666667;" ";7;291;" ";230,86666666667;" ";44;274;" ";228,53333333333;" ";4;300;" ";216,6;" ";31;286;" ";156,66666666667;" ";1;277;" ";235,66666666667;" ";3;290;" ";232,06666666667;" ";16;286;" ";176,73333333333;" ";7;268;" ";234,4;" ";2;299;" ";175,53333333333;" ";19;298;" ";186,86666666667;" ";6;299;" ";230,66666666667;" ";27;296;" ";168,2;" ";17;297;" ";241;" ";64;269;" ";165,8;" ";2;284;" ";182,33333333333;" ";8;299;" ";193,73333333333;" ";32;295
2003;" ";196,4;" ";1;297;" ";229,26666666667;" ";12;284;" ";160,86666666667;" ";3;297;" ";246,93333333333;" ";16;299;" ";193;" ";1;284;" ";223,2;" ";51;262;" ";276,46666666667;" ";31;288;" ";238;" ";1;296;" ";233,93333333333;" ";5;294;" ";228,26666666667;" ";26;292;" ";205,2;" ";15;293;" ";246,06666666667;" ";12;299;" ";197;" ";1;281;" ";173,13333333333;" ";1;268;" ";202;" ";1;284;" ";209,53333333333;" ";1;290;" ";215,8;" ";1;292;" ";207,8;" ";1;287;" ";202,86666666667;" ";1;290;" ";187,53333333333;" ";1;293;" ";203,46666666667;" ";1;299;" ";215,6;" ";23;276;" ";202,93333333333;" ";54;252;" ";232,93333333333;" ";36;294;" ";240,93333333333;" ";5;285;" ";190,86666666667;" ";1;287;" ";263,93333333333;" ";3;298;" ";8,4;" ";1;105;" ";261;" ";9;275;" ";231,13333333333;" ";27;299;" ";180,93333333333;" ";6;284;" ";247,2;" ";52;290;" ";227,53333333333;" ";22;279;" ";189,26666666667;" ";4;271;" ";247,06666666667;" ";9;289;" ";228,53333333333;" ";7;294;" ";232,13333333333;" ";11;300;" ";198,4;" ";5;294;" ";186,4;" ";15;264;" ";220,93333333333;" ";10;282;" ";201,86666666667;" ";4;260;" ";211,53333333333;" ";8;296;" ";231,2;" ";30;295;" ";237;" ";19;295;" ";261,53333333333;" ";12;300;" ";252,2;" ";7;296;" ";230;" ";10;294;" ";242,73333333333;" ";2;283;" ";220,86666666667;" ";6;294;" ";250,13333333333;" ";23;297;" ";268,13333333333;" ";4;289;" ";202;" ";7;300;" ";209,46666666667;" ";19;274;" ";229,8;" ";2;285;" ";200,26666666667;" ";2;244;" ";270,86666666667;" ";2;291;" ";223,06666666667;" ";3;287;" ";241,4;" ";8;294;" ";210,33333333333;" ";27;235;" ";237,06666666667;" ";10;298;" ";246,06666666667;" ";16;296;" ";224,33333333333;" ";19;231;" ";240,26666666667;" ";13;293;" ";206,06666666667;" ";14;282;" ";234,93333333333;" ";25;300;" ";235,33333333333;" ";22;282;" ";227,46666666667;" ";40;265;" ";223,73333333333;" ";4;300;" ";210,6;" ";9;298;" ";207,06666666667;" ";20;294;" ";252,13333333333;" ";3;297;" ";218,86666666667;" ";1;280;" ";223,4;" ";1;294;" ";293,13333333333;" ";39;294;" ";181,2;" ";12;285;" ";210,93333333333;" ";7;297;" ";188,66666666667;" ";18;285;" ";210,4;" ";6;298;" ";190,06666666667;" ";7;297;" ";221,26666666667;" ";9;274
2004;" ";203,93333333333;" ";1;295;" ";271,4;" ";1;299;" ";278,46666666667;" ";1;286;" ";229,2;" ";1;284;" ";217,86666666667;" ";1;284;" ";283;" ";1;290;" ";213;" ";1;291;" ";245,6;" ";0;287;" ";262,6;" ";16;297;" ";263,6;" ";2;297;" ";225,4;" ";22;297;" ";262;" ";17;298;" ";246,6;" ";2;299;" ";216,8;" ";3;258;" ";237,53333333333;" ";1;283;" ";275,33333333333;" ";14;432;" ";299;" ";20;296;" ";286,13333333333;" ";22;295;" ";220,33333333333;" ";1;290;" ";261,26666666667;" ";1;287;" ";245,8;" ";1;296;" ";241,93333333333;" ";12;292;" ";261,8;" ";26;298;" ";296,06666666667;" ";30;296;" ";197;" ";1;292;" ";196,6;" ";8;242;" ";247,33333333333;" ";4;300;" ";49,733333333333;" ";0;299;" ";222,73333333333;" ";9;280;" ";291,13333333333;" ";15;296;" ";240,66666666667;" ";4;280;" ";173,53333333333;" ";1;275;" ";236,13333333333;" ";1;287;" ";243,06666666667;" ";4;280;" ";275,06666666667;" ";47;299;" ";245,73333333333;" ";2;280;" ";253,93333333333;" ";5;284;" ";247,2;" ";3;300;" ";266;" ";14;283;" ";259,73333333333;" ";20;297;" ";304,2;" ";10;295;" ";270,53333333333;" ";22;293;" ";272,6;" ";6;300;" ";256,6;" ";45;289;" ";269,66666666667;" ";9;285;" ";185,6;" ";3;284;" ";247,6;" ";26;297;" ";223,73333333333;" ";6;289;" ";214,73333333333;" ";15;264;" ";232,86666666667;" ";4;261;" ";271,66666666667;" ";8;298;" ";285,66666666667;" ";7;297;" ";241,6;" ";1;293;" ";276,4;" ";39;285;" ";277,4;" ";2;285;" ";251,66666666667;" ";10;297;" ";300,26666666667;" ";3;294;" ";275,8;" ";1;299;" ";239,86666666667;" ";2;294;" ";253,46666666667;" ";5;286;" ";272,93333333333;" ";4;294;" ";277,13333333333;" ";15;292;" ";250,66666666667;" ";6;289;" ";205,93333333333;" ";7;292;" ";251,46666666667;" ";13;298;" ";258,33333333333;" ";7;288;" ";268,13333333333;" ";12;290;" ";240,66666666667;" ";5;293;" ";265,13333333333;" ";15;297;" ";251,53333333333;" ";22;295;" ";220,73333333333;" ";12;265;" ";282,66666666667;" ";21;298;" ";276,86666666667;" ";7;298;" ";221,6;" ";2;291;" ";270,46666666667;" ";7;294;" ";252,6;" ";27;289;" ";317,53333333333;" ";25;294;" ";244,6;" ";10;289;" ";263,8;" ";30;300;" ";265,33333333333;" ";15;285
2005;" ";210,6;" ";1;300;" ";169,46666666667;" ";1;282;" ";177,13333333333;" ";1;291;" ";206,2;" ";1;288;" ";166,66666666667;" ";1;242;" ";206,66666666667;" ";1;297;" ";218,2;" ";1;290;" ";150,73333333333;" ";1;262;" ";274;" ";32;789;" ";182,86666666667;" ";1;299;" ";234,93333333333;" ";1;289;" ";203,13333333333;" ";1;294;" ";159,66666666667;" ";1;294;" ";215,66666666667;" ";1;300;" ";191,6;" ";1;278;" ";144,53333333333;" ";1;294;" ";200,66666666667;" ";1;291;" ";173,66666666667;" ";1;295;" ";163,26666666667;" ";1;257;" ";208,46666666667;" ";1;289;" ";178,26666666667;" ";1;321;" ";210,4;" ";3;298;" ";205,2;" ";12;290;" ";224,6;" ";20;293;" ";215,93333333333;" ";28;289;" ";193,8;" ";6;241;" ";212,33333333333;" ";54;297;" ";29,133333333333;" ";1;222;" ";210,66666666667;" ";13;284;" ";193;" ";2;300;" ";202,13333333333;" ";16;270;" ";202,13333333333;" ";12;298;" ";217;" ";7;300;" ";224,93333333333;" ";13;295;" ";149,4;" ";24;255;" ";187,13333333333;" ";30;295;" ";174,73333333333;" ";1;298;" ";188;" ";24;290;" ";243,53333333333;" ";49;288;" ";192,26666666667;" ";12;297;" ";195,93333333333;" ";4;290;" ";191,66666666667;" ";11;298;" ";204,46666666667;" ";13;295;" ";239;" ";66;293;" ";204,33333333333;" ";3;282;" ";211,73333333333;" ";16;293;" ";171,46666666667;" ";16;297;" ";213,73333333333;" ";3;272;" ";192,53333333333;" ";3;235;" ";205,66666666667;" ";4;297;" ";203,6;" ";20;294;" ";191,26666666667;" ";30;299;" ";226,06666666667;" ";11;273;" ";226,6;" ";19;291;" ";212,53333333333;" ";16;260;" ";197;" ";22;297;" ";259,06666666667;" ";14;285;" ";216,26666666667;" ";3;299;" ";183;" ";18;269;" ";175,6;" ";6;256;" ";236,53333333333;" ";87;295;" ";167,46666666667;" ";2;283;" ";220;" ";12;281;" ";172,73333333333;" ";22;299;" ";202,06666666667;" ";4;300;" ";173,4;" ";4;298;" ";202,86666666667;" ";17;289;" ";218,93333333333;" ";20;273;" ";251;" ";34;300;" ";190,66666666667;" ";26;295;" ";208,86666666667;" ";8;292;" ";182,06666666667;" ";3;276;" ";168,66666666667;" ";2;296;" ";216,6;" ";14;295;" ";199,8;" ";16;299;" ";211,93333333333;" ";3;297;" ";160,8;" ";10;265;" ";206,4;" ";7;299;" ";188,2;" ";4;296;" ";218;" ";43;290
2006;" ";167,93333333333;" ";1;284;" ";175,46666666667;" ";17;293;" ";194,4;" ";16;267;" ";166,86666666667;" ";47;264;" ";149,93333333333;" ";1;255;" ";178,13333333333;" ";5;299;" ";159,86666666667;" ";3;285;" ";195,4;" ";12;285;" ";172;" ";1;283;" ";215,4;" ";63;299;" ";152,66666666667;" ";4;267;" ";171,8;" ";3;291;" ";159,93333333333;" ";1;285;" ";174,4;" ";1;290;" ";202,73333333333;" ";1;285;" ";186,33333333333;" ";1;295;" ";209,2;" ";1;299;" ";153,93333333333;" ";1;295;" ";168,13333333333;" ";1;297;" ";170,6;" ";1;283;" ";172,53333333333;" ";1;291;" ";172,46666666667;" ";41;297;" ";142,73333333333;" ";11;294;" ";111,26666666667;" ";2;268;" ";190,33333333333;" ";9;296;" ";155,53333333333;" ";2;289;" ";189,66666666667;" ";6;291;" ";26,466666666667;" ";1;273;" ";208,13333333333;" ";7;300;" ";181,33333333333;" ";19;299;" ";145,8;" ";4;255;" ";213,53333333333;" ";20;274;" ";212,2;" ";24;275;" ";206,33333333333;" ";1;295;" ";133,6;" ";12;281;" ";192;" ";8;292;" ";165,8;" ";4;296;" ";209,06666666667;" ";36;300;" ";188,6;" ";18;299;" ";148,86666666667;" ";5;289;" ";187,53333333333;" ";3;291;" ";141,93333333333;" ";5;231;" ";209,86666666667;" ";19;286;" ";212,2;" ";35;299;" ";214,53333333333;" ";34;298;" ";191,2;" ";15;283;" ";204,86666666667;" ";59;300;" ";171,26666666667;" ";1;280;" ";205,93333333333;" ";7;296;" ";169;" ";18;279;" ";141,73333333333;" ";5;275;" ";165,66666666667;" ";17;275;" ";124,66666666667;" ";1;287;" ";189,13333333333;" ";13;297;" ";190,2;" ";25;295;" ";194,73333333333;" ";17;292;" ";163,6;" ";9;294;" ";190,4;" ";41;282;" ";178,93333333333;" ";27;281;" ";214,13333333333;" ";21;293;" ";225,2;" ";7;300;" ";165,06666666667;" ";4;283;" ";206;" ";17;295;" ";165,86666666667;" ";2;270;" ";141,53333333333;" ";43;231;" ";219,8;" ";16;297;" ";144,8;" ";18;282;" ";223,53333333333;" ";33;297;" ";170,93333333333;" ";3;295;" ";167;" ";9;293;" ";156,6;" ";5;289;" ";180,2;" ";16;297;" ";163,53333333333;" ";33;289;" ";195,13333333333;" ";29;291;" ";162,6;" ";3;297;" ";163,73333333333;" ";2;274;" ";154,73333333333;" ";38;280;" ";164;" ";5;263;" ";192,53333333333;" ";6;294;" ";223,4;" ";60;278
2007;" ";187,6;" ";1;279;" ";199,26666666667;" ";17;267;" ";192,2;" ";44;249;" ";203,86666666667;" ";35;296;" ";212,6;" ";27;290;" ";207,33333333333;" ";11;287;" ";211;" ";15;279;" ";188,66666666667;" ";24;256;" ";195,33333333333;" ";1;300;" ";217,93333333333;" ";1;292;" ";156,66666666667;" ";1;289;" ";224,53333333333;" ";42;293;" ";217,13333333333;" ";9;283;" ";204,8;" ";3;299;" ";206,06666666667;" ";9;296;" ";221,13333333333;" ";6;279;" ";174,46666666667;" ";12;281;" ";176;" ";2;270;" ";223,46666666667;" ";12;284;" ";194,13333333333;" ";9;293;" ";253,93333333333;" ";46;297;" ";255,93333333333;" ";32;292;" ";191,93333333333;" ";7;300;" ";194,93333333333;" ";20;288;" ";217,46666666667;" ";13;287;" ";205,33333333333;" ";10;279;" ";156,13333333333;" ";5;286;" ";16,533333333333;" ";1;228;" ";202,66666666667;" ";1;291;" ";264,8;" ";14;282;" ";128,4;" ";3;273;" ";200,4;" ";4;298;" ";265,86666666667;" ";18;277;" ";164,33333333333;" ";1;267;" ";227,8;" ";13;294;" ";253,4;" ";14;295;" ";240,46666666667;" ";43;298;" ";218,6;" ";12;295;" ";250,33333333333;" ";21;297;" ";245,46666666667;" ";30;286;" ";207,66666666667;" ";1;284;" ";163,2;" ";17;272;" ";205,33333333333;" ";10;291;" ";201,93333333333;" ";2;299;" ";160,26666666667;" ";2;298;" ";174,6;" ";2;284;" ";161,8;" ";3;255;" ";215,2;" ";24;289;" ";215,6;" ";17;269;" ";180,33333333333;" ";3;259;" ";189,4;" ";6;279;" ";164;" ";17;267;" ";221,8;" ";18;289;" ";171,2;" ";3;278;" ";250,93333333333;" ";83;293;" ";212,46666666667;" ";6;278;" ";205,86666666667;" ";38;295;" ";181,6;" ";6;277;" ";192,46666666667;" ";5;293;" ";236,6;" ";13;297;" ";228,06666666667;" ";9;289;" ";216,93333333333;" ";2;290;" ";164,86666666667;" ";21;300;" ";178,33333333333;" ";21;296;" ";175,6;" ";4;267;" ";219,13333333333;" ";14;289;" ";263,73333333333;" ";30;300;" ";235,86666666667;" ";12;294;" ";161,86666666667;" ";10;268;" ";218,66666666667;" ";4;291;" ";233,26666666667;" ";14;292;" ";172,06666666667;" ";9;275;" ";221,6;" ";14;294;" ";180,86666666667;" ";3;275;" ";244;" ";9;300;" ";247,26666666667;" ";9;270;" ";222,93333333333;" ";13;285;" ";185,53333333333;" ";17;277;" ";183,06666666667;" ";8;263;" ";192,73333333333;" ";14;284
2008;" ";158,33333333333;" ";1;293;" ";150,66666666667;" ";6;299;" ";157,06666666667;" ";18;265;" ";113,26666666667;" ";4;297;" ";126;" ";40;271;" ";124,4;" ";37;297;" ";193,93333333333;" ";106;293;" ";119,86666666667;" ";5;274;" ";201,73333333333;" ";62;281;" ";164,13333333333;" ";2;261;" ";137,66666666667;" ";43;299;" ";114,4;" ";26;289;" ";167,8;" ";1;287;" ";147,66666666667;" ";1;292;" ";132,26666666667;" ";1;293;" ";121,26666666667;" ";1;297;" ";138,2;" ";1;300;" ";150,46666666667;" ";1;270;" ";112,06666666667;" ";1;285;" ";132,8;" ";1;257;" ";106,53333333333;" ";1;244;" ";128,8;" ";29;245;" ";140,06666666667;" ";17;281;" ";131,73333333333;" ";8;274;" ";149,73333333333;" ";1;292;" ";137,66666666667;" ";14;298;" ";119,06666666667;" ";29;296;" ";17,4;" ";1;248;" ";136,06666666667;" ";35;287;" ";152,2;" ";57;295;" ";138,46666666667;" ";19;273;" ";174,2;" ";25;274;" ";169,33333333333;" ";44;275;" ";126,73333333333;" ";5;296;" ";152,66666666667;" ";38;292;" ";87,733333333333;" ";3;282;" ";182,4;" ";16;300;" ";132,66666666667;" ";2;283;" ";141,13333333333;" ";6;285;" ";123,93333333333;" ";35;275;" ";129,2;" ";5;294;" ";115,53333333333;" ";1;256;" ";111,06666666667;" ";7;235;" ";145,26666666667;" ";12;287;" ";162,2;" ";29;295;" ";150,73333333333;" ";15;300;" ";94,933333333333;" ";15;237;" ";145,73333333333;" ";24;265;" ";141,6;" ";13;268;" ";135,06666666667;" ";19;267;" ";133;" ";27;288;" ";87,866666666667;" ";13;266;" ";132,93333333333;" ";8;298;" ";148,46666666667;" ";12;279;" ";158,2;" ";30;288;" ";138,13333333333;" ";31;298;" ";179,53333333333;" ";27;271;" ";148,46666666667;" ";7;299;" ";132,26666666667;" ";29;270;" ";109,2;" ";9;265;" ";163,13333333333;" ";24;288;" ";193,4;" ";100;287;" ";195,6;" ";39;298;" ";140,13333333333;" ";6;285;" ";142,26666666667;" ";8;267;" ";160,93333333333;" ";83;261;" ";116,46666666667;" ";34;262;" ";126,53333333333;" ";2;298;" ";140,4;" ";4;277;" ";123,33333333333;" ";18;299;" ";135,93333333333;" ";2;267;" ";161,93333333333;" ";33;296;" ";136,8;" ";23;282;" ";156;" ";15;295;" ";133,13333333333;" ";18;269;" ";149,66666666667;" ";24;277;" ";166,2;" ";33;279;" ";125,86666666667;" ";11;270;" ";106,93333333333;" ";21;230;" ";140;" ";2;280
2009;" ";184,8;" ";1;289;" ";175,73333333333;" ";1;286;" ";183;" ";1;279;" ";203,26666666667;" ";1;294;" ";197,2;" ";1;293;" ";211,06666666667;" ";1;286;" ";204,2;" ";1;293;" ";211,4;" ";1;275;" ";229,6;" ";14;293;" ";244,33333333333;" ";53;297;" ";207,13333333333;" ";17;298;" ";245,06666666667;" ";20;300;" ";175,6;" ";1;290;" ";228,33333333333;" ";1;300;" ";177,06666666667;" ";1;281;" ";258,06666666667;" ";1;298;" ";217,53333333333;" ";1;295;" ";224,13333333333;" ";1;295;" ";215,33333333333;" ";1;300;" ";254,06666666667;" ";1;283;" ";217,13333333333;" ";1;563;" ";210,26666666667;" ";2;297;" ";242,93333333333;" ";5;281;" ";230,4;" ";5;300;" ";214,66666666667;" ";2;273;" ";220,33333333333;" ";21;300;" ";236,4;" ";12;290;" ";2,0666666666667;" ";1;11;" ";205,73333333333;" ";1;299;" ";221,26666666667;" ";8;297;" ";280,26666666667;" ";13;300;" ";221,86666666667;" ";2;294;" ";211,13333333333;" ";9;300;" ";222,66666666667;" ";25;243;" ";225,06666666667;" ";20;286;" ";222,26666666667;" ";17;287;" ";164,33333333333;" ";9;297;" ";181,33333333333;" ";23;295;" ";230,06666666667;" ";14;291;" ";236,93333333333;" ";15;285;" ";239;" ";9;274;" ";169,93333333333;" ";1;219;" ";202,86666666667;" ";14;296;" ";220,86666666667;" ";8;292;" ";191,66666666667;" ";12;254;" ";207,73333333333;" ";16;296;" ";202,2;" ";33;267;" ";225,8;" ";2;276;" ";172;" ";9;264;" ";202,73333333333;" ";27;266;" ";231,6;" ";10;296;" ";167;" ";11;291;" ";261,66666666667;" ";31;299;" ";269,93333333333;" ";33;293;" ";250,13333333333;" ";29;294;" ";184,6;" ";7;280;" ";201,66666666667;" ";6;300;" ";247,2;" ";16;286;" ";233,33333333333;" ";23;300;" ";203,86666666667;" ";15;292;" ";215,2;" ";17;300;" ";199,46666666667;" ";14;292;" ";180;" ";8;241;" ";190,66666666667;" ";2;290;" ";197,73333333333;" ";16;291;" ";224,86666666667;" ";6;281;" ";207,13333333333;" ";3;299;" ";198,53333333333;" ";17;297;" ";180,13333333333;" ";20;283;" ";217,6;" ";13;298;" ";252,86666666667;" ";59;293;" ";224,13333333333;" ";10;297;" ";238,86666666667;" ";2;294;" ";160,53333333333;" ";10;267;" ";205,8;" ";15;265;" ";178,26666666667;" ";34;271;" ";242,73333333333;" ";19;294;" ";185;" ";10;287;" ";182,26666666667;" ";5;298;" ";183,93333333333;" ";21;267
2010;" ";105,2;" ";24;221;" ";129,86666666667;" ";34;300;" ";117,33333333333;" ";9;255;" ";170;" ";6;282;" ";78,533333333333;" ";2;296;" ";164;" ";2;291;" ";148;" ";7;255;" ";121,33333333333;" ";34;290;" ";177,66666666667;" ";28;264;" ";129,6;" ";1;290;" ";127,46666666667;" ";2;282;" ";131;" ";2;281;" ";121,66666666667;" ";1;289;" ";98,2;" ";1;234;" ";121,53333333333;" ";1;299;" ";129,26666666667;" ";1;284;" ";125,6;" ";1;296;" ";135,6;" ";1;247;" ";131,6;" ";1;276;" ";136,13333333333;" ";1;270;" ";139,2;" ";1;275;" ";142,4;" ";1;288;" ";151,26666666667;" ";53;279;" ";140,2;" ";14;293;" ";160,2;" ";8;295;" ";124;" ";5;292;" ";166,8;" ";61;271;" ";18,466666666667;" ";1;237;" ";126,26666666667;" ";2;287;" ";143,26666666667;" ";17;277;" ";142,66666666667;" ";25;299;" ";169,33333333333;" ";45;296;" ";118,4;" ";19;262;" ";105,2;" ";12;261;" ";150,26666666667;" ";17;287;" ";154,33333333333;" ";27;298;" ";107,26666666667;" ";17;250;" ";161,26666666667;" ";14;288;" ";142,06666666667;" ";22;284;" ";119,46666666667;" ";4;286;" ";152,6;" ";44;290;" ";149,46666666667;" ";2;293;" ";132,46666666667;" ";53;274;" ";146,33333333333;" ";1;282;" ";132,33333333333;" ";13;299;" ";161,46666666667;" ";52;294;" ";150,2;" ";14;276;" ";166,86666666667;" ";1;290;" ";139,4;" ";14;265;" ";125,93333333333;" ";1;279;" ";134,73333333333;" ";15;275;" ";104,8;" ";5;251;" ";141,06666666667;" ";18;286;" ";141,93333333333;" ";17;289;" ";117,93333333333;" ";7;267;" ";143,26666666667;" ";11;287;" ";126,13333333333;" ";4;223;" ";132,8;" ";16;282;" ";155,06666666667;" ";9;290;" ";175,2;" ";82;299;" ";103,86666666667;" ";11;225;" ";144,73333333333;" ";5;297;" ";160,2;" ";28;292;" ";148,66666666667;" ";15;281;" ";166,2;" ";47;275;" ";165,33333333333;" ";72;278;" ";145;" ";29;270;" ";178;" ";60;273;" ";138,06666666667;" ";27;288;" ";139,4;" ";25;299;" ";133,13333333333;" ";37;293;" ";172,46666666667;" ";49;296;" ";135;" ";5;269;" ";82,866666666667;" ";12;233;" ";162,66666666667;" ";3;286;" ";151,6;" ";6;281;" ";160,06666666667;" ";44;276;" ";121,2;" ";3;280;" ";105,53333333333;" ";31;253;" ";137,33333333333;" ";26;254
2011;" ";215,26666666667;" ";1;268;" ";254,93333333333;" ";1;290;" ";270,2;" ";1;283;" ";224,93333333333;" ";1;262;" ";264,6;" ";1;288;" ";253,4;" ";1;297;" ";225,53333333333;" ";1;276;" ";233,06666666667;" ";1;298;" ";244,33333333333;" ";19;297;" ";254,53333333333;" ";9;298;" ";236,26666666667;" ";10;287;" ";248,06666666667;" ";3;260;" ";205,46666666667;" ";1;280;" ";223,73333333333;" ";1;288;" ";218,93333333333;" ";1;290;" ";228,73333333333;" ";1;289;" ";230,2;" ";1;271;" ";214,53333333333;" ";1;240;" ";250,53333333333;" ";1;287;" ";253,2;" ";1;294;" ";229,6;" ";1;298;" ";218,66666666667;" ";2;284;" ";256,53333333333;" ";12;293;" ";314,6;" ";25;299;" ";245,66666666667;" ";16;298;" ";240,66666666667;" ";2;300;" ";222,06666666667;" ";17;287;" ";23,533333333333;" ";1;237;" ";316,73333333333;" ";41;300;" ";223,46666666667;" ";2;282;" ";226,4;" ";20;296;" ";190,46666666667;" ";8;269;" ";230,6;" ";14;286;" ";262,8;" ";17;296;" ";211,86666666667;" ";7;300;" ";205,33333333333;" ";1;269;" ";277,2;" ";13;300;" ";263,46666666667;" ";8;292;" ";250,33333333333;" ";1;299;" ";237;" ";13;269;" ";257,33333333333;" ";1;299;" ";234,2;" ";15;296;" ";312,93333333333;" ";17;292;" ";250,86666666667;" ";3;293;" ";234,86666666667;" ";6;290;" ";250,93333333333;" ";4;289;" ";227,33333333333;" ";6;294;" ";231,86666666667;" ";4;293;" ";259,46666666667;" ";13;294;" ";253,6;" ";24;299;" ";247,6;" ";11;298;" ";281;" ";12;300;" ";261,66666666667;" ";3;292;" ";283,33333333333;" ";4;294;" ";188,93333333333;" ";6;299;" ";300,66666666667;" ";31;298;" ";264,13333333333;" ";1;284;" ";216,53333333333;" ";17;294;" ";279,66666666667;" ";19;293;" ";245,66666666667;" ";10;283;" ";234,93333333333;" ";8;299;" ";240,06666666667;" ";6;289;" ";245,73333333333;" ";12;283;" ";283,53333333333;" ";44;300;" ";289,33333333333;" ";20;298;" ";228,53333333333;" ";3;294;" ";216,46666666667;" ";9;295;" ";225,8;" ";4;270;" ";228,13333333333;" ";13;293;" ";239,73333333333;" ";4;298;" ";243,13333333333;" ";13;298;" ";250,93333333333;" ";10;288;" ";269,2;" ";10;300;" ";241,4;" ";15;297;" ";317,13333333333;" ";15;281;" ";209,66666666667;" ";5;270;" ";275,66666666667;" ";11;293;" ";287,33333333333;" ";2;293;" ";266,73333333333;" ";23;298;" ";271;" ";20;279
2012;" ";220,66666666667;" ";1;297;" ";236;" ";24;285;" ";248,86666666667;" ";11;296;" ";255;" ";5;294;" ";252,8;" ";33;288;" ";220,6;" ";1;295;" ";221,66666666667;" ";9;289;" ";189,73333333333;" ";14;272;" ";209,66666666667;" ";1;280;" ";253,73333333333;" ";6;300;" ";215,2;" ";5;277;" ";232,4;" ";2;289;" ";224,4;" ";1;295;" ";208,4;" ";1;285;" ";238,46666666667;" ";1;275;" ";208,66666666667;" ";1;296;" ";217;" ";1;299;" ";148,53333333333;" ";1;230;" ";253,2;" ";7;654;" ";180,46666666667;" ";1;297;" ";210,13333333333;" ";1;295;" ";207,53333333333;" ";21;289;" ";220;" ";2;278;" ";210,86666666667;" ";2;279;" ";206,73333333333;" ";7;300;" ";209,46666666667;" ";20;300;" ";209,26666666667;" ";21;275;" ";27,533333333333;" ";1;229;" ";215,4;" ";14;300;" ";191,2;" ";5;297;" ";221,66666666667;" ";21;299;" ";200,06666666667;" ";12;274;" ";227,2;" ";10;297;" ";235,26666666667;" ";23;292;" ";203,2;" ";4;299;" ";228,73333333333;" ";3;288;" ";245,2;" ";12;286;" ";163,8;" ";5;286;" ";206,2;" ";6;289;" ";216,06666666667;" ";11;297;" ";183,26666666667;" ";14;270;" ";220,4;" ";12;274;" ";217,86666666667;" ";15;290;" ";231,2;" ";31;252;" ";241,4;" ";3;276;" ";238,73333333333;" ";20;293;" ";236,93333333333;" ";12;273;" ";188,53333333333;" ";4;296;" ";211,93333333333;" ";21;298;" ";225;" ";7;264;" ";238,4;" ";23;299;" ";173,26666666667;" ";6;245;" ";240,4;" ";64;266;" ";251,86666666667;" ";11;296;" ";220,66666666667;" ";13;289;" ";179,66666666667;" ";3;278;" ";242,93333333333;" ";9;300;" ";226,93333333333;" ";19;283;" ";257,13333333333;" ";9;291;" ";242,13333333333;" ";9;289;" ";165,73333333333;" ";8;271;" ";233,13333333333;" ";6;299;" ";227,86666666667;" ";10;291;" ";240;" ";5;294;" ";274,53333333333;" ";12;293;" ";274;" ";8;297;" ";224,66666666667;" ";3;273;" ";278,26666666667;" ";17;295;" ";257,13333333333;" ";14;285;" ";256,13333333333;" ";12;296;" ";222,33333333333;" ";23;292;" ";272,06666666667;" ";5;295;" ";201,86666666667;" ";19;262;" ";222,93333333333;" ";2;299;" ";249,46666666667;" ";9;300;" ";264,2;" ";2;297;" ";195,46666666667;" ";11;294;" ";218,13333333333;" ";13;278;" ";176,66666666667;" ";1;300;" ";220,66666666667;" ";6;298
2013;" ";153,53333333333;" ";28;298;" ";159,6;" ";22;295;" ";176,93333333333;" ";37;287;" ";143,93333333333;" ";16;289;" ";164,33333333333;" ";9;296;" ";145,13333333333;" ";2;263;" ";139,2;" ";10;260;" ";168,6;" ";19;292;" ";166,86666666667;" ";3;298;" ";175,53333333333;" ";10;299;" ";141,06666666667;" ";6;281;" ";169,6;" ";63;278;" ";147,6;" ";16;294;" ";142,93333333333;" ";9;291;" ";146,2;" ";27;221;" ";193,53333333333;" ";56;296;" ";157,53333333333;" ";25;300;" ";161,46666666667;" ";10;298;" ";166,2;" ";15;299;" ";154,6;" ";23;286;" ";184;" ";42;293;" ";124,26666666667;" ";1;296;" ";132,26666666667;" ";3;290;" ";181,26666666667;" ";24;290;" ";154,06666666667;" ";2;286;" ";143,06666666667;" ";28;294;" ";168,2;" ";24;297;" ";17;" ";1;180;" ";143,73333333333;" ";1;288;" ";113,6;" ";3;266;" ";169,13333333333;" ";55;294;" ";172,93333333333;" ";28;276;" ";174,06666666667;" ";47;286;" ";164,66666666667;" ";11;292;" ";123,93333333333;" ";11;291;" ";173,06666666667;" ";19;293;" ";137,6;" ";7;292;" ";139,86666666667;" ";7;279;" ";150,8;" ";2;292;" ";166;" ";39;289;" ";190,73333333333;" ";37;286;" ";164,4;" ";7;285;" ";177,53333333333;" ";25;263;" ";160,93333333333;" ";12;292;" ";173,2;" ";19;284;" ";165,8;" ";12;285;" ";157,46666666667;" ";5;298;" ";136,66666666667;" ";5;273;" ";155,66666666667;" ";3;290;" ";113;" ";10;271;" ";146,93333333333;" ";25;299;" ";160,53333333333;" ";47;281;" ";108,93333333333;" ";23;239;" ";162,73333333333;" ";3;296;" ";152,13333333333;" ";2;296;" ";192,86666666667;" ";42;282;" ";167;" ";30;290;" ";181;" ";7;281;" ";145,26666666667;" ";20;251;" ";137,53333333333;" ";17;300;" ";164,86666666667;" ";72;265;" ";147,13333333333;" ";10;271;" ";159,53333333333;" ";39;274;" ";92,666666666667;" ";2;227;" ";131,66666666667;" ";2;294;" ";157,46666666667;" ";44;286;" ";168,13333333333;" ";1;295;" ";114,53333333333;" ";2;260;" ";143,2;" ";9;233;" ";155,93333333333;" ";26;265;" ";141,46666666667;" ";21;277;" ";151,73333333333;" ";2;283;" ";173,46666666667;" ";34;293;" ";211,33333333333;" ";26;296;" ";128;" ";4;298;" ";168,86666666667;" ";18;289;" ";144,53333333333;" ";21;279;" ";173,73333333333;" ";4;287;" ";166,73333333333;" ";18;288;" ";158,2;" ";40;291
2014;" ";185,8;" ";1;286;" ";265,8;" ";1;300;" ";258,93333333333;" ";11;295;" ";244,13333333333;" ";15;289;" ";224,73333333333;" ";7;297;" ";252,13333333333;" ";8;281;" ";256;" ";2;299;" ";258,4;" ";1;297;" ";198,06666666667;" ";1;294;" ";242,4;" ";8;290;" ";232,53333333333;" ";4;277;" ";274,86666666667;" ";3;291;" ";291,73333333333;" ";1;292;" ";244,6;" ";1;290;" ";238,93333333333;" ";1;291;" ";290,6;" ";1;298;" ";177,2;" ";1;283;" ";217,26666666667;" ";1;300;" ";236,06666666667;" ";1;259;" ";279,26666666667;" ";1;300;" ";266,6;" ";1;293;" ";241;" ";7;287;" ";298,33333333333;" ";1;284;" ";267,06666666667;" ";2;300;" ";308,33333333333;" ";1;300;" ";246,4;" ";3;277;" ";242,73333333333;" ";6;295;" ";2,8;" ";1;17;" ";258,46666666667;" ";6;299;" ";221,86666666667;" ";1;292;" ";237,86666666667;" ";1;291;" ";258,33333333333;" ";42;263;" ";254,13333333333;" ";17;297;" ";289,6;" ";36;295;" ";312,06666666667;" ";1;296;" ";257,66666666667;" ";12;293;" ";291,8;" ";11;298;" ";228,4;" ";5;298;" ";271,73333333333;" ";9;290;" ";298,86666666667;" ";12;295;" ";313;" ";30;295;" ";297,66666666667;" ";5;298;" ";244,33333333333;" ";8;282;" ";269,4;" ";12;295;" ";276,13333333333;" ";15;300;" ";270,46666666667;" ";9;288;" ";275,33333333333;" ";8;274;" ";282,2;" ";16;295;" ";217,33333333333;" ";3;299;" ";270,8;" ";9;291;" ";250,8;" ";18;280;" ";211,86666666667;" ";9;298;" ";222,2;" ";9;299;" ";257,46666666667;" ";12;294;" ";262,66666666667;" ";6;291;" ";251,73333333333;" ";36;294;" ";244,26666666667;" ";4;300;" ";258,86666666667;" ";5;295;" ";272,66666666667;" ";13;296;" ";265,6;" ";4;298;" ";296,4;" ";5;297;" ";253,13333333333;" ";27;286;" ";263,86666666667;" ";21;280;" ";226,53333333333;" ";6;277;" ";298,86666666667;" ";4;295;" ";290,13333333333;" ";7;291;" ";270,8;" ";2;294;" ";267,46666666667;" ";23;290;" ";202,93333333333;" ";8;295;" ";249,06666666667;" ";1;270;" ";272,53333333333;" ";2;295;" ";257,73333333333;" ";33;281;" ";328;" ";8;297;" ";295,86666666667;" ";2;279;" ";254,6;" ";4;293;" ";258,93333333333;" ";1;300;" ";288,93333333333;" ";30;292;" ";267,2;" ";2;292;" ";238,46666666667;" ";8;300;" ";237,4;" ";12;294
2015;" ";142,06666666667;" ";1;267;" ";212,53333333333;" ";1;300;" ";153,86666666667;" ";1;269;" ";154,06666666667;" ";1;296;" ";170,53333333333;" ";1;291;" ";178,93333333333;" ";1;279;" ";132;" ";1;228;" ";139,2;" ";1;275;" ";188,06666666667;" ";12;297;" ";219,2;" ";60;293;" ";191,73333333333;" ";26;294;" ";174;" ";18;273;" ";202,06666666667;" ";31;297;" ";139;" ";6;277;" ";204,33333333333;" ";4;282;" ";167,86666666667;" ";15;298;" ";151,33333333333;" ";7;274;" ";206,46666666667;" ";43;289;" ";191,2;" ";15;287;" ";212;" ";15;286;" ";210,6;" ";1;292;" ";146,86666666667;" ";2;269;" ";177,93333333333;" ";4;297;" ";203,66666666667;" ";2;293;" ";128,53333333333;" ";6;296;" ";205,8;" ";22;299;" ";131,93333333333;" ";11;290;" ";1,2;" ";1;1;" ";167,53333333333;" ";9;286;" ";179,26666666667;" ";2;286;" ";168;" ";15;275;" ";191,8;" ";1;270;" ";192,2;" ";23;280;" ";181,66666666667;" ";25;293;" ";195,73333333333;" ";6;295;" ";154;" ";25;286;" ";152;" ";1;252;" ";184,6;" ";10;295;" ";161,93333333333;" ";38;291;" ";190,4;" ";32;300;" ";181,13333333333;" ";3;275;" ";210,4;" ";14;300;" ";200,33333333333;" ";6;297;" ";149,33333333333;" ";12;296;" ";126,73333333333;" ";11;276;" ";225,8;" ";20;300;" ";155,2;" ";8;290;" ";209,73333333333;" ";22;290;" ";179,6;" ";33;246;" ";213,26666666667;" ";44;270;" ";202,86666666667;" ";33;298;" ";182,53333333333;" ";49;297;" ";168,53333333333;" ";12;285;" ";249,2;" ";34;297;" ";214,66666666667;" ";3;295;" ";153,13333333333;" ";18;282;" ";140,8;" ";1;275;" ";187,06666666667;" ";14;293;" ";221,4;" ";7;295;" ";164,2;" ";13;292;" ";155,8;" ";11;290;" ";145,66666666667;" ";4;290;" ";180,13333333333;" ";32;299;" ";178,86666666667;" ";4;264;" ";210,13333333333;" ";12;299;" ";178,8;" ";1;272;" ";135,66666666667;" ";19;241;" ";192,06666666667;" ";14;259;" ";171,53333333333;" ";4;298;" ";170,13333333333;" ";12;270;" ";182,66666666667;" ";7;273;" ";195,4;" ";12;288;" ";168,13333333333;" ";4;287;" ";179;" ";23;292;" ";176,6;" ";2;294;" ";173,6;" ";6;288;" ";186,26666666667;" ";24;298;" ";198,93333333333;" ";9;300;" ";120,73333333333;" ";1;263;" ";171,53333333333;" ";11;296
