NUTS_CODE;NUTS_LABEL;COUNTRY_CODE;YEAR;U;YU;LTU;DIPH;PRPSE;SMDR;DI;ECE;PLSEA;PTEA;ELET;PCVV;IPSE_EU28;IPSE_NEU28;ARPOP;A;AD;AO;RDS;DS;NCSD;PAC;PVMPA;AFV;LB20;PM25;PM10;TEAP;NPETN;PPG;CS;ANR;CHHPD;PD;PBST;PHW;PPWS;DWQ_M;DWQ_CH;PWT;ITAR;VRA;FRTA;GP;CCBH;LTCBNR;MD;HP;MT;PUE;HD;HCE;HCE_PH;HCE_G;LEB;LEB_S;LE65;IM;PNM;NNM;PM;ADHCM;PDM;IDM;LTAM;DCSM;DRSM;CM;IHDM;CDM;CCM;LTBLCM;BCM;PCM;PLSI;SPLG;UNME;DALY;LBW;PB
BE10;RÇgion de Bruxelles-Capitale / Brussels Hoofdstedelijk Gewest;BE;2004;37;162;221;227;25;111;92;278;64;214;199;212;64;242;160;263;107;287;272;162;193;124;114;296;127;213;210;296;227;194;4;14;71;22;183;211;235;14;19;130;16;235;71;236;264;129;61;23;177;18;246;294;132;285;151;36;195;271;209;124;294;224;264;88;203;78;196;216;104;266;190;32;62;119;258;260;197;139;293;236
BE21;Prov. Antwerpen;BE;2013;225;227;128;225;68;237;253;86;3;112;6;243;116;73;218;178;233;103;211;286;42;160;221;178;286;198;265;180;182;266;114;28;275;157;62;67;80;214;37;263;281;7;124;159;19;31;176;101;152;36;33;259;58;257;98;262;266;276;197;97;82;100;39;48;294;163;184;101;192;244;96;48;235;258;71;98;41;4;288;229
BE22;Prov. Limburg (BE);BE;2005;300,45;232;259;113;147;56;282;232;284;118;1,435;26;106;187;173;155;26;135;172;215;186;7;57;286;289;228;54;222;190;8;209;21;220;293;227;237;217;81;244;28;267;132;188;132;248;19;78;142;234;43;232;92;189;45;232;204;144;283;131;6;145;165;68;112;300;29;110;260;68;268;187;38;147;46;196;123;157;100;217;95
BE23;Prov. Oost-Vlaanderen;BE;2004;1;1;1;1;1;1;1;0,234;16;200;297;19;80;258;267;174;75;167;197;177;1;64;107;198;1;117;88;0,365;244;56;24;76;94;255;136;60;107;160;193;261;21;85;221;45;285;104;185;22;53;18;215;119;217;189;269;283;273;186;259;157;153;274;136;187;42;97;119;242;82;31;102;241;99;68;238;251;227;241;243;62
BE24;Prov. Vlaams-Brabant;BE;2015;1;1;1;1;1;1;1;1;166;180;181;273;295;46;196;169;184;129;79;226;1;78;280;22;8;49;119;1;83;2;253;232;118;178;64;219;105;214;246;44;3;207;90;90;65;159;202;135;219;161;217;297;54;137;61;46;87;130;295;29;252;83;189;39;291;175;62;259;298;226;273;288;267;90;278;263;176;106;19;46
BE25;Prov. West-Vlaanderen;BE;2011;1;1;1;1;1;1;1;1;22;287;147;186;104;37;232;10;124;51;208;211;1;62;79;239;80;189;47;1;130;189;108;41;38;260;228;176;174;218;299;29;177;112;283;253;174;141;120;143;166;230;130;101;272;38;30;286;123;134;92;93;122;62;128;228;218;244;13;214;119;42;245;240;207;15;94;12;26;258;218;136
BE31;Prov. Brabant Wallon;BE;2009;1;1;1;1;1;1;1;1;75;244;66;31;54;212;208;267;248;221;37;44;563,2;118;151;28;273;300;228;1;70;173;300;70;71;104;254;240;56;30;237;175;121;142;282;292;20;259;237;246;244;266;152;44;31;271;270;7;232;24;221;291;247;20;76;55;90;250;299;185;265;21;212;295;173;130;44;122;182;287;240;180
BE32;Prov. Hainaut;BE;2011;1;69;140;151;90;85;180;20;46;88;100;130;86;277;84;18;45;102;246;213;1;124;45;188;161;142;278;1;231;30;103;68;262;256;167;159;149;221;36;107;1;21;248;44;188;15;228;39;292;122;139;155;42;254;148;86;74;129;234;157;14;33;130;111;61;157;110;174;133;49;151;89;239;86;79;92;245;99;164;201
BE33;Prov. Liäge;BE;2004;10,897;298;256;111;284;258;119;36;167;42;133;140;55;82;1;432,6;249;22;46;57;236;46;267;187;208;79;195;1;134;272;203;63;31;259;61;190;181;280;122;201;40;22;52;109;127;235;205;160;42;178;298;82;293;241;285;16;287;274;294;180;54;210;282;81;258;61;213;160;139;148;124;177;259;280;135;67;274;107;214;15
BE34;Prov. Luxembourg (BE);BE;2001;1;253;98;99;135;52;44;220;90;120;264;296;98;17;123,8;1;143;237;112;183;225;261;290;185;178;168;217;1;47;201;245;62;44;22;139;68;6;34;127;5;129;215;96;143;129;83;261;5;81;200;118;272;193;184;139;47;83;203;47;255;66;265;42;65;271;135;54;298;113;165;156;209;72;232;234;65;3;253;30;194
BE35;Prov. Namur;BE;2014;1;51;144;253;91;71;164;106;259;271;100;226;248;117;195;64;91;148;84;196;29;60;1;232;120;149;250;1;130;116;259;85;165;168;246;20;208;98;150;217;295;233;93;207;287;194;192;81;215;260;84;176;96;119;247;274;129;94;243;298;293;49;257;199;211;158;122;280;24;22;2;41;247;128;82;13;47;241;64;146
BEZZ;Extra-Regio NUTS 2;BE;2006;1;206;72;158;58;174;113;285;163;63;69;291;112;161;156;176;216;167;44;58;276;56;167;77;161;2;60;1;198;31;219;62;190;227;53;267;265;132;18;143;288;192;79;53;34;269;116;280;122;22;98;98;283;158;146;152;169;110;115;174;23;84;295;258;206;186;59;79;81;122;221;225;289;189;3;274;83;249;147;217
BG31;????????????? (Severozapaden);BG;2003;1;189;297;161;42;205;288;236;9;60;69;116;6;132;281;77;172;169;169;54;299;173;236;39;279;124;222;1;209;152;162;52;257;138;214;28;82;27;18;168;165;263;212;33;237;255;128;229;208;269;250;255;274;82;143;247;206;96;81;219;213;61;290;228;33;130;150;148;49;178;47;217;69;159;62;175;127;210;172;9
BG32;??????? ????????? (Severen tsentralen);BG;2002;1;105;43;219;237;225;38;130;151;65;52;112;117;133;191;26;157;146;252;286;187;25;117;55;5;87;262;1;105;27;281;28;64;86;168;168;278;14;230;291;86;137;193;86;26;99;297;132;199;245;291;271;142;244;159;270;99;235;154;266;15;57;12;223;135;6;31;262;235;250;261;253;215;50;191;269;222;34;183;130
BG33;????????????? (Severoiztochen);BG;2011;1;24;48;27;219;240;205;101;232;182;19;43;250;110;65;140;211;143;28;263;185;248;54;25;146;6;74;1;85;282;33;211;15;63;7;2;175;164;135;58;88;253;270;113;119;226;129;112;13;97;11;160;233;157;195;219;127;187;185;248;281;171;281;300;229;201;203;187;160;219;71;257;235;49;281;10;261;201;280;279
BG34;?????????? (Yugoiztochen);BG;2005;1;282;222;260;153;266;79;131;208;81;234;179;59;129;230;26;239;223;242;284;173;122;59;49;51;141;85;1;90;2;191;156;35;231;52;122;249;189;234;70;279;236;227;244;134;75;84;259;235;244;76;281;231;121;116;62;147;115;93;111;198;71;281;279;219;57;98;159;43;143;166;87;114;191;258;281;90;131;168;70
BG41;?????????? (Yugozapaden);BG;2008;1;246;224;122;158;192;232;274;138;242;64;183;105;67;41;297;231;72;54;171;215;167;117;57;141;14;157;1;210;57;152;206;275;132;68;12;160;2;60;64;242;39;79;157;29;77;56;265;167;132;35;69;217;250;231;254;227;135;80;252;288;249;295;165;85;261;73;67;59;104;184;84;74;112;213;124;275;168;173;158
BG42;???? ????????? (Yuzhen tsentralen);BG;2007;1;171;154;61;116;266;117;135;62;21;49;289;169;219;65;279;281;97;136;195;190;292;106;190;152;169;269;1;35;198;13;79;132;68;183;48;96;161;290;286;183;255;150;11;47;34;171;289;195;50;157;267;124;91;236;265;60;211;5;20;154;216;85;36;108;14;283;235;252;162;100;145;98;43;268;239;186;146;127;169
BGZZ;Extra-Regio NUTS 2;BG;2012;1;24;137;276;251;85;80;222;168;39;202;5;276;219;240;243;36;73;125;140;141;149;2;12;38;269;244;1;283;134;215;99;158;157;28;213;116;5;139;45;36;219;15;179;143;227;152;199;101;172;55;100;64;155;229;119;150;169;104;9;41;294;273;198;198;282;3;93;103;220;140;54;138;99;79;207;271;278;65;42
CZ01;Praha;CZ;2003;1;50;58;293;38;206;145;248;7;183;120;156;3;172;44;104;38;228;235;79;26;23;242;139;268;265;298;1;166;99;284;232;133;271;191;217;99;262;217;10;33;23;52;21;207;238;89;225;117;137;200;83;225;254;244;246;239;213;119;266;296;112;116;110;257;100;76;228;169;168;126;22;81;164;167;18;26;108;297;112
CZ02;St?edn° ?echy;CZ;2008;1;55;53;60;252;230;293;56;62;127;169;52;281;41;152;204;269;174;262;107;56;89;17;81;118;79;75;1;119;96;35;25;229;238;217;3;163;222;281;141;65;132;235;156;137;202;115;225;248;200;192;25;154;39;176;244;221;238;100;26;238;275;39;126;60;83;134;45;237;126;2;235;79;56;167;24;245;270;24;30
CZ03;Jihoz†pad;CZ;2002;1;35;293;299;34;248;245;153;35;89;175;239;257;34;49;121;153;24;297;70;282;281;221;31;191;9;117;1;136;280;236;239;208;218;151;9;145;149;152;65;161;180;76;162;186;170;179;255;212;97;246;294;218;128;114;192;206;6;157;279;24;37;167;252;250;296;50;1;9;93;193;190;58;33;279;198;167;282;268;206
CZ04;Severoz†pad;CZ;2006;1;252;132;223;82;186;245;59;85;269;196;82;179;199;285;266;241;22;175;142;291;68;30;44;28;265;167;1;54;111;42;200;123;223;58;166;35;257;162;227;291;127;286;117;207;69;124;63;264;279;5;57;1;158;65;189;294;105;193;72;20;15;208;148;113;274;252;174;295;90;94;55;75;227;289;42;51;148;35;248
CZ05;SeverovÏchod;CZ;2012;1;285;55;89;107;183;44;45;48;218;130;250;119;250;262;111;299;54;262;23;280;42;175;107;7;46;53;1;290;104;292;79;76;118;155;116;260;269;164;72;59;96;31;230;71;250;35;8;116;149;126;162;243;239;35;207;177;232;279;270;26;44;115;153;248;49;176;200;278;137;190;294;220;34;289;292;200;231;116;76
CZ06;JihovÏchod;CZ;2004;1;21;27;258;273;66;172;256;205;168;272;17;132;123;201;48;282;118;139;278;143;89;36;98;13;201;36;1;144;123;275;189;111;248;47;271;118;173;274;66;290;101;211;128;184;41;297;56;15;53;148;117;145;95;35;167;248;26;217;286;106;144;113;74;298;85;252;293;108;211;160;210;110;6;290;247;223;187;30;192
CZ07;St?edn° Morava;CZ;2007;1;79;85;124;119;192;116;187;92;265;191;42;283;32;163;257;279;150;247;66;69;288;194;213;195;61;286;1;75;282;81;202;277;37;113;20;263;44;163;163;1;247;190;140;25;87;214;213;269;132;126;181;73;56;239;135;263;115;58;90;10;241;119;75;82;198;273;62;24;55;262;37;294;24;176;255;84;189;258;241
CZ08;Moravskoslezsko;CZ;2001;1;291;211;77;74;300;64;20;89;287;171;231;250;258;164;51;94;269;233;110;54;293;160;148;207;125;80;1;55;254;48;229;231;56;123;142;257;193;151;152;45;247;77;169;106;118;84;139;211;139;266;127;238;195;255;179;300;57;170;49;47;130;132;196;137;215;148;107;182;224;278;242;87;204;240;24;130;95;247;252
CZZZ;Extra-Regio NUTS 2;CZ;2005;1;196;3;240;178;269;278;38;215;216;131;294;27;154;1;1;1;1;1;1;321,1;215;281;114;137;97;207;1;28;233;78;12;71;136;122;62;69;254;176;146;158;196;64;123;3;161;297;176;116;126;200;30;55;26;169;108;220;146;217;150;93;195;242;22;150;16;129;191;252;153;247;276;237;170;250;213;113;174;142;249
DK01;Hovedstaden;DK;2005;1;1;1;1;1;1;1;1;789,9;1;1;1;1;1;1;1;1;1;1;1;1;296;55;73;50;138;82;1;207;195;252;64;128;65;97;69;81;31;288;37;178;110;159;129;219;266;128;3;193;190;159;175;136;262;197;107;180;110;256;153;227;79;254;49;214;265;72;193;148;64;96;17;15;286;80;130;144;124;4;188
DK02;Sjëlland;DK;2008;181;296;71;276;124;134;175;42;231;2;88;105;1;1;1;1;1;1;1;1;1;219;41;33;292;285;74;1;124;192;19;157;160;137;292;162;254;170;110;67;154;127;102;104;90;215;81;87;85;266;177;20;11;254;132;186;202;299;132;97;139;170;231;66;229;135;41;173;129;177;267;209;234;15;197;224;140;254;66;2
DK03;Syddanmark;DK;2012;151;258;104;259;196;259;227;14;240;73;215;164;1;1;1;1;1;1;654,4;1;1;161;33;173;262;178;21;1;300;59;111;180;110;217;23;193;229;270;18;249;244;268;269;252;271;20;161;16;298;95;53;230;85;60;103;49;158;176;205;24;254;259;174;212;110;164;165;295;179;215;142;265;133;240;300;213;152;129;152;108
DK04;Midtjylland;DK;2009;146;170;62;270;17;239;85;172;94;234;77;83;112;240;101;114;214;210;205;173;85;2;281;300;190;57;266;1;142;99;93;47;176;198;40;266;110;45;274;225;184;93;115;85;233;114;45;97;212;39;211;253;177;202;264;216;300;262;27;182;138;113;148;253;129;15;198;212;97;248;172;84;194;49;179;233;274;48;121;183
DK05;Nordjylland;DK;2003;99;232;14;17;252;82;147;77;240;274;142;190;179;2;76;147;266;83;108;122;37;276;105;78;43;14;149;1;216;286;74;231;87;181;9;127;250;214;169;203;127;145;52;154;151;173;271;74;206;213;243;10;217;2;176;220;268;257;100;32;198;231;238;127;109;52;84;97;111;213;70;223;156;235;262;114;49;41;216;168
DKZZ;Extra-Regio NUTS 2;DK;2007;29;231;185;204;46;46;26;205;55;130;248;270;226;299;24;177;169;110;112;62;46;256;124;192;135;272;62;1;156;260;36;188;252;144;207;289;70;12;208;218;261;33;98;134;285;4;51;177;27;198;45;185;186;3;92;6;38;81;262;193;174;2;88;66;175;125;132;223;48;105;37;34;281;24;249;181;169;67;56;147
DE11;Stuttgart;DE;2004;287;63;92;132;147;288;113;260;239;237;185;190;255;250;157;38;20;211;126;143;274;134;75;249;37;101;300;1;242;216;107;76;282;129;125;76;250;236;237;107;10;243;213;127;110;149;26;247;226;259;261;183;237;265;219;112;17;51;136;219;207;191;63;73;247;98;104;225;200;276;220;79;7;34;239;105;240;139;223;207
DE12;Karlsruhe;DE;2005;259;95;84;82;23;77;170;116;269;123;185;207;16;214;253;177;286;86;204;210;198;248;266;20;86;128;230;1;228;122;254;298;13;92;24;30;200;126;281;225;4;181;96;124;262;285;16;145;210;156;222;56;93;176;121;152;250;299;118;238;185;154;229;122;4;206;64;228;77;194;133;218;57;92;86;43;110;29;143;219
DE13;Freiburg;DE;2011;237;219;251;253;94;12;220;12;147;9;37;202;280;62;41;126;7;185;176;106;298;2;143;34;93;247;128;1;293;271;21;269;176;50;110;108;300;254;135;126;51;202;221;102;200;96;34;86;214;299;197;205;178;256;252;203;60;71;89;239;173;116;60;163;244;3;253;182;181;138;298;193;300;46;190;131;113;276;70;85
DE14;TÅbingen;DE;2005;163;54;253;266;242;157;269;31;32;144;256;145;20;66;262;51;105;23;242;125;43;298;290;272;65;48;150;1;133;194;192;204;148;245;196;195;146;54;274;286;87;87;167;99;190;236;98;241;77;212;294;223;11;157;95;75;122;177;116;85;163;277;246;49;253;42;284;87;256;171;131;126;122;217;52;105;265;285;159;249
DE21;Oberbayern;DE;2001;188;114;133;253;100;295;159;287;248;203;264;50;59;96;123;269;219;284;39;32;59;10;138;212;200;139;198;1;300;5;112;194;184;130;245;159;105;40;209;232;276;150;243;292;297;154;122;135;125;297;192;267;75;67;93;95;241;146;206;52;237;74;36;136;284;111;300;19;8;60;193;288;281;154;89;176;58;225;53;221
DE22;Niederbayern;DE;2012;172;124;277;294;259;36;153;168;51;300;32;2;71;259;86;240;170;26;206;182;7;243;160;279;244;73;250;1;233;78;78;36;221;292;148;176;282;74;12;80;98;143;290;189;175;40;231;181;228;137;162;167;133;245;109;77;224;19;284;153;45;37;184;32;244;239;5;266;81;28;253;221;248;2;64;187;259;158;202;219
DE23;Oberpfalz;DE;2013;298;231;187;201;244;117;260;19;257;266;281;211;73;189;90;165;25;241;186;190;265;137;260;159;120;56;254;1;256;212;294;113;47;119;11;93;119;141;283;150;276;76;235;182;103;101;130;118;145;221;80;180;118;61;287;235;290;7;125;17;72;198;261;22;282;77;239;10;233;162;104;283;118;130;217;100;21;165;182;180
DE24;Oberfranken;DE;2012;297;201;73;34;128;168;80;131;197;200;224;102;149;88;203;36;89;230;245;238;46;71;223;239;163;28;30;1;118;189;21;182;296;44;180;157;208;94;155;215;267;274;94;213;272;171;185;55;150;170;242;11;77;160;288;278;99;64;41;25;235;189;46;133;229;263;242;68;189;259;57;92;161;274;9;164;11;260;22;192
DE25;Mittelfranken;DE;2013;70;147;249;35;64;252;123;257;283;251;276;278;192;91;165;146;90;241;244;204;213;215;15;37;17;67;231;1;19;114;82;90;90;17;64;38;109;60;226;109;233;149;158;278;106;141;147;104;168;47;235;91;89;3;237;188;30;279;94;106;185;116;196;138;162;238;126;145;71;135;251;62;212;169;55;239;279;177;18;171
DE26;Unterfranken;DE;2006;266;17;214;146;13;14;12;147;114;181;254;186;102;78;33;120;278;139;218;274;157;222;233;126;244;38;181;1;232;145;98;192;191;120;67;132;123;91;157;208;191;42;231;285;121;226;274;73;100;225;49;128;54;226;214;73;223;130;31;229;283;256;115;206;57;295;282;297;190;35;126;265;34;167;42;141;236;138;205;75
DE27;Schwaben;DE;2012;191;130;77;106;216;280;289;80;91;216;247;152;239;199;128;211;217;198;216;139;4;21;270;97;254;195;25;1;97;64;193;224;54;79;147;246;12;174;52;274;99;54;255;236;252;24;265;49;112;7;66;6;133;173;107;69;242;79;263;277;119;89;10;294;256;222;253;249;285;289;272;282;93;38;297;146;118;85;35;288
DE30;Berlin;DE;2008;293;299;151;169;217;297;287;162;267;256;289;286;260;158;24;89;62;207;11;254;179;97;249;163;281;94;296;1;221;88;79;249;206;160;190;75;174;61;6;249;48;42;128;287;194;15;114;221;21;156;261;149;189;279;182;167;150;7;240;47;24;287;76;285;67;93;70;180;176;44;242;203;189;246;18;67;279;28;95;280
DE40;Brandenburg;DE;2013;168;213;37;185;286;117;64;207;148;222;89;117;248;291;221;83;124;80;211;232;116;38;97;196;101;87;275;1;150;85;59;252;209;292;101;144;136;180;5;150;282;222;54;292;139;60;71;130;40;102;118;162;219;44;161;201;222;268;116;116;253;22;188;227;214;285;70;111;213;239;71;163;165;265;70;219;97;287;82;74
DE50;Bremen;DE;2006;247;98;27;64;58;96;42;79;283;279;4;86;154;125;67;138;30;80;103;268;284;51;88;3;246;289;268;1;137;274;18;248;81;206;61;32;89;36;276;36;3;142;209;35;100;21;91;172;296;159;265;88;70;297;287;155;70;46;192;215;254;26;197;48;116;268;51;269;19;209;47;194;155;206;297;209;120;31;110;100
DE60;Hamburg;DE;2004;76;233;258;272;202;280;92;143;56;265;23;46;121;212;16;136;252;145;290;147;19;136;61;208;66;224;82;1;134;243;111;80;160;273;273;280;26;215;14;282;275;29;143;70;9;15;196;223;184;142;104;160;232;179;269;177;232;1;2;5;239;197;6;7;112;276;290;50;169;121;112;268;262;176;53;163;145;244;61;279
DE71;Darmstadt;DE;2005;243;51;5;85;64;59;105;105;35;82;147;31;216;300;64;192;224;147;64;81;22;174;159;293;154;69;189;1;189;89;79;268;7;13;133;48;81;187;145;182;197;126;295;112;69;122;57;204;179;65;217;120;238;219;259;188;215;215;44;224;169;49;276;112;299;298;39;72;252;81;206;63;171;116;236;153;236;299;7;249
DE72;Gie·en;DE;2015;111;89;30;113;154;225;183;80;31;235;159;54;36;92;4;28;56;256;101;120;253;269;200;2;296;273;16;1;207;239;105;205;89;159;295;121;152;10;219;121;135;99;261;116;55;292;73;69;78;270;298;201;38;55;114;21;1;293;26;156;62;274;163;77;170;147;220;45;119;270;157;264;167;193;139;169;91;134;3;296
DE73;Kassel;DE;2010;112;81;185;6;43;2;253;152;28;286;282;40;232;222;174;69;185;135;233;227;275;189;241;293;76;91;265;1;143;112;144;267;19;83;251;59;77;248;274;214;224;130;205;275;182;206;151;263;61;278;45;149;18;289;45;11;218;228;167;296;123;217;196;88;47;156;191;114;27;64;190;128;52;12;232;156;276;97;196;66
DE80;Mecklenburg-Vorpommern;DE;2011;181;274;237;112;206;150;237;160;138;36;101;228;59;286;219;97;172;95;10;226;157;71;12;167;267;250;287;1;288;27;264;59;85;17;98;78;159;192;53;95;50;296;280;225;91;120;177;217;63;55;41;140;161;103;121;116;197;92;257;21;88;179;66;73;239;166;88;40;37;4;109;16;295;125;15;5;215;26;60;95
DE91;Braunschweig;DE;2009;185;270;258;102;57;22;252;196;64;297;129;217;59;251;125;208;3;276;29;44;254;285;30;152;212;78;108;1;180;83;285;244;31;100;233;115;33;99;278;200;171;176;232;216;147;111;33;55;70;258;173;291;219;33;93;204;142;137;25;230;284;258;148;159;173;170;188;39;196;61;59;107;56;97;265;188;222;61;5;30
DE92;Hannover;DE;2012;16;205;296;163;141;1;55;163;161;204;239;265;180;122;69;40;43;160;96;152;251;134;154;114;300;171;106;1;79;126;87;233;290;82;116;9;84;64;185;86;77;190;199;146;14;277;14;46;38;205;167;50;233;175;13;82;157;173;262;170;271;191;99;255;267;86;197;290;187;39;40;260;262;108;126;77;127;186;1;276
DE93;LÅneburg;DE;2012;205;193;284;225;132;166;222;34;57;280;239;255;208;99;273;103;133;19;96;110;89;211;191;159;156;283;165;1;151;5;80;194;239;262;293;74;205;48;33;183;55;90;214;127;194;293;12;33;45;84;200;93;234;107;139;91;300;29;212;278;102;256;291;32;248;177;139;23;204;194;23;151;205;253;97;157;112;79;236;164
DE94;Weser-Ems;DE;2014;20;149;219;147;263;19;27;115;236;214;44;165;216;224;248;79;283;57;37;106;187;267;227;239;251;53;250;1;6;290;223;70;128;205;83;179;162;32;107;295;181;259;175;39;123;9;274;58;51;155;59;93;109;12;83;57;147;49;74;231;207;57;249;123;4;153;134;23;20;160;97;164;142;2;196;273;175;149;68;128
DEA1;DÅsseldorf;DE;2006;126;117;150;125;201;18;90;260;52;123;141;174;14;98;200;220;249;87;280;31;67;227;125;115;296;130;178;1;300;299;55;222;221;222;175;161;47;214;200;5;260;12;161;275;109;77;300;203;244;194;133;159;44;220;197;266;70;278;41;86;293;169;85;80;139;54;18;146;76;238;23;194;78;169;211;72;142;14;6;208
DEA2;Kîln;DE;2011;78;244;206;179;190;164;75;44;95;235;161;240;144;208;118;48;118;238;287;140;118;259;186;38;16;21;163;1;204;203;125;88;48;22;256;121;13;62;258;154;218;200;292;173;105;122;288;207;25;185;266;171;155;294;45;272;187;208;205;273;198;38;120;218;90;41;76;206;187;282;34;28;59;31;120;89;235;250;39;20
DEA3;MÅnster;DE;2011;203;290;13;190;168;71;165;153;92;36;271;179;25;288;241;286;256;177;134;172;53;28;37;293;243;222;195;1;190;189;281;71;84;200;126;269;188;181;13;218;167;187;261;134;100;45;6;234;290;239;57;277;183;13;56;179;180;229;62;25;292;289;226;179;124;192;61;4;293;195;40;80;10;158;206;249;234;225;198;82
DEA4;Detmold;DE;2007;279;103;111;296;27;138;45;115;74;44;1;46;75;92;47;259;245;2;253;153;234;287;145;199;253;92;150;1;232;86;23;87;199;168;28;292;43;167;153;278;100;199;139;192;95;52;12;100;234;110;151;118;128;278;92;212;118;115;287;269;16;248;300;296;14;27;70;223;141;285;99;107;221;165;284;166;258;52;14;227
DEA5;Arnsberg;DE;2011;217;168;70;156;135;226;183;290;194;298;80;35;197;92;81;110;212;149;257;166;60;163;263;195;93;139;111;1;41;172;144;184;14;253;190;180;284;101;264;205;131;18;36;109;290;20;16;47;161;254;147;233;271;288;141;215;175;278;40;214;84;110;18;103;108;3;123;25;124;160;13;224;198;34;185;47;11;105;43;263
DEB1;Koblenz;DE;2001;206;1;32;39;72;194;286;210;209;92;160;296;213;3;8;26;146;162;140;150;72;262;160;145;119;30;158;1;225;227;31;131;223;111;22;33;204;51;289;30;261;225;279;198;286;213;107;239;165;177;92;238;119;148;267;159;69;66;66;44;107;42;145;62;290;189;69;255;49;94;122;280;64;265;205;66;190;145;120;296
DEB2;Trier;DE;2004;90;275;4;120;151;16;23;90;86;200;94;270;116;3;254;58;216;55;167;119;146;292;292;255;265;185;273;1;195;205;32;73;1;125;169;68;257;245;171;31;247;260;200;151;207;260;116;22;264;201;88;262;17;138;248;79;162;72;138;254;275;95;93;287;112;217;176;123;71;274;176;286;293;248;28;236;212;12;96;175
DEB3;Rheinhessen-Pfalz;DE;2003;33;20;86;131;240;239;281;266;82;163;133;38;273;172;126;269;53;270;262;133;267;224;252;36;105;261;95;1;265;233;86;215;278;257;211;194;76;259;148;27;95;47;39;30;286;78;282;109;103;196;182;293;158;42;25;144;143;183;139;137;269;26;100;226;300;114;236;205;33;45;107;164;294;116;121;293;46;31;77;88
DEC0;Saarland;DE;2011;106;45;17;170;38;286;133;267;252;270;194;107;57;47;290;175;28;13;46;97;171;86;16;210;118;55;186;1;300;113;100;27;265;108;67;181;123;63;177;27;248;15;33;197;94;243;107;252;43;75;262;247;32;176;297;271;86;161;228;10;165;72;274;180;168;211;25;116;191;161;174;219;211;51;247;270;293;291;23;38
DED2;Dresden;DE;2003;48;284;53;23;110;251;230;84;120;43;15;235;114;241;274;272;250;166;290;103;114;229;163;293;283;159;246;1;234;115;201;145;180;61;42;200;16;5;123;197;260;228;204;210;226;219;64;144;52;141;253;115;157;117;180;227;87;40;233;65;269;158;255;247;25;22;250;4;286;254;296;103;287;261;169;282;281;6;29;134
DED4;Chemnitz;DE;2011;268;49;246;203;241;168;182;298;78;88;234;36;243;182;124;56;66;14;144;102;276;211;291;299;47;232;17;1;254;270;125;128;58;139;73;5;261;218;46;81;278;64;244;275;57;288;291;288;22;118;128;12;249;146;89;204;241;44;229;35;8;69;283;201;50;115;125;258;62;112;296;78;272;217;166;244;228;2;298;170
DED5;Leipzig;DE;2002;25;109;264;190;183;154;261;226;250;7;220;46;132;241;32;140;49;195;263;203;148;136;166;256;10;3;96;1;124;222;274;254;285;11;147;60;103;291;245;216;143;7;147;210;150;50;4;182;138;235;7;62;9;67;132;261;138;247;223;72;287;228;186;213;44;145;227;139;107;210;61;144;140;37;75;174;230;30;183;32
DEE0;Sachsen-Anhalt;DE;2006;22;187;127;110;121;5;170;237;85;75;64;16;26;261;265;200;235;180;297;41;109;235;21;2;223;130;6;1;185;196;63;201;242;116;54;8;237;236;149;81;125;16;93;106;96;25;76;176;103;78;102;56;28;24;25;17;146;191;148;287;300;7;204;261;149;268;150;207;244;293;26;61;248;146;36;226;75;263;59;245
DEF0;Schleswig-Holstein;DE;2013;268;209;160;289;296;59;72;280;3;162;190;184;166;81;82;182;140;36;290;143;292;39;225;265;202;184;108;1;175;3;56;185;286;231;43;232;24;177;208;95;210;232;263;102;284;12;111;273;3;271;207;186;177;296;238;171;203;281;128;65;219;127;118;147;81;173;165;260;167;201;100;187;164;242;224;188;249;177;115;126
DEG0;ThÅringen;DE;2011;32;190;201;72;219;33;103;161;42;113;134;217;29;253;201;220;72;128;133;118;239;177;293;192;160;145;178;1;259;221;51;93;166;113;54;223;135;123;102;240;97;123;79;3;287;254;274;13;222;153;17;71;75;160;126;104;239;216;204;12;288;204;135;134;231;126;152;225;39;29;17;288;54;297;240;88;41;272;75;135
DEZZ;Extra-Regio NUTS 2;DE;2007;194;241;75;123;256;246;34;136;136;46;124;66;213;30;129;266;95;104;49;122;255;173;236;244;124;102;64;1;264;71;142;272;242;76;13;254;178;265;124;144;192;91;10;2;106;143;157;107;70;195;23;48;169;224;176;236;276;138;166;273;42;3;72;66;139;277;300;233;13;141;172;34;75;196;260;160;14;61;23;54
EE00;Eesti;EE;2003;99;51;110;223;188;262;31;69;193;46;123;173;209;14;71;85;269;142;151;293;52;144;243;164;218;83;270;1;245;69;95;207;40;18;179;224;21;74;264;103;236;8;173;130;208;270;231;234;292;29;162;67;160;151;2;89;243;184;92;54;183;147;247;223;114;227;154;37;238;275;18;235;199;291;285;185;91;216;93;199
EEZZ;Extra-Regio NUTS 2;EE;2011;119;219;136;183;30;71;80;260;29;230;186;217;259;70;201;209;116;240;254;58;90;64;258;215;115;57;161;1;182;128;43;110;45;104;28;114;177;73;84;67;174;53;17;175;172;135;68;242;251;213;91;212;224;68;84;292;77;179;50;211;222;288;12;296;278;200;69;81;41;298;284;38;48;177;221;76;35;168;150;65
IE01;Border, Midland and Western;IE;2006;185;113;188;89;205;139;34;111;117;105;71;235;86;69;273;170;274;31;171;120;228;105;14;40;138;53;239;1;7;74;55;218;117;295;12;283;192;172;204;167;115;206;112;219;147;220;181;198;251;137;184;54;61;13;219;257;282;86;270;21;141;177;222;6;231;179;158;207;3;215;269;233;221;61;217;273;134;5;84;169
IE02;Southern and Eastern;IE;2014;182;12;62;150;117;109;96;106;21;40;40;225;195;113;220;89;93;112;89;179;293;38;279;258;266;92;32;1;83;81;149;48;89;110;11;203;65;38;53;182;285;166;213;281;70;37;218;149;35;45;58;135;9;44;265;38;150;24;148;94;273;286;30;97;239;209;242;269;37;26;153;124;192;212;76;50;137;197;271;34
IEZZ;Extra-Regio NUTS 2;IE;2011;140;259;283;24;82;297;132;138;77;158;239;3;41;163;173;38;115;82;86;199;198;125;74;257;51;2;34;1;127;28;72;176;74;205;174;19;256;238;154;269;45;150;277;58;239;179;20;178;132;48;109;159;241;282;6;293;1;102;285;72;103;213;90;162;128;176;211;191;72;92;160;148;213;19;226;208;159;154;37;178
EL30;A????? (Attiki);EL;2012;180;26;257;266;37;108;271;272;135;107;277;289;89;198;221;232;126;134;237;158;288;209;225;61;29;166;104;1;209;283;299;105;101;141;89;288;286;286;86;207;16;88;178;187;3;52;66;236;195;235;23;183;266;101;251;135;9;101;255;152;121;160;60;224;270;295;207;194;245;296;25;141;159;75;300;101;54;105;121;36
EL41;?????? ?????? (Voreio Aigaio);EL;2011;239;221;105;28;288;82;211;142;82;273;260;91;199;30;18;288;240;42;129;268;4;284;15;188;218;37;17;1;260;104;23;119;239;142;183;1;71;105;218;13;188;269;290;224;19;269;33;16;289;178;286;246;3;121;299;179;282;294;163;188;62;97;42;44;20;51;109;270;78;202;95;72;60;231;136;131;136;229;148;247
EL42;????? ?????? (Notio Aigaio);EL;2014;138;120;88;31;101;251;217;81;170;9;234;215;270;69;78;193;20;66;169;47;247;253;237;201;289;148;6;1;198;100;69;75;72;148;174;80;81;190;264;34;133;228;8;145;170;171;247;204;60;154;81;103;136;54;291;60;261;88;132;137;88;44;230;50;153;132;205;87;255;1;110;92;171;18;71;290;30;43;226;125
EL43;????? (Kriti);EL;2003;56;246;164;287;146;62;254;296;250;235;259;273;104;49;196;146;171;75;133;220;63;36;96;294;269;1;62;1;9;161;161;192;203;54;167;105;60;230;112;218;232;126;164;254;36;85;26;241;208;261;4;82;272;19;24;128;117;294;146;137;48;188;251;204;49;270;257;299;9;140;194;245;1;225;15;120;128;183;117;42
EL51;A???????? ?????????, ????? (Anatoliki Makedonia, Thraki);EL;2011;108;269;266;235;200;240;111;11;135;45;107;33;61;18;85;270;120;168;47;294;117;76;255;253;85;50;257;1;58;144;259;164;91;39;219;100;292;292;138;221;278;83;61;58;6;87;190;169;283;271;246;129;154;249;174;98;178;42;89;267;59;247;279;118;256;174;212;114;209;188;82;10;29;216;198;55;70;131;240;271
EL52;???????? ????????? (Kentriki Makedonia);EL;2010;41;209;57;174;74;50;203;34;251;107;257;281;138;234;66;73;138;83;186;201;6;126;220;118;84;98;174;1;109;38;29;295;249;34;190;238;111;288;264;155;169;154;77;146;142;291;58;251;74;279;185;5;67;283;82;135;111;142;123;82;65;138;56;146;138;191;132;225;62;25;252;158;160;92;257;268;121;3;189;244
EL53;?????? ????????? (Dytiki Makedonia);EL;2008;267;6;122;139;76;61;174;7;214;61;131;68;158;276;272;164;300;240;30;26;244;245;81;111;27;22;175;1;60;120;74;268;273;184;243;58;300;87;153;275;124;92;75;35;70;271;23;250;173;257;71;128;69;185;67;298;256;20;166;159;119;211;233;152;8;92;152;140;16;171;53;176;23;287;183;107;191;11;58;97
EL54;??????? (Ipeiros);EL;2004;20;290;205;149;229;139;83;200;286;32;199;182;148;222;240;266;142;109;148;188;12;154;276;279;266;54;118;1;42;193;185;15;287;23;239;80;152;50;102;86;286;134;43;70;250;18;28;257;87;259;180;233;253;125;269;236;55;46;139;268;221;137;201;16;295;152;283;148;80;117;55;71;83;287;193;283;271;36;133;130
EL61;???????? (Thessalia);EL;2014;35;156;284;274;7;82;284;29;113;170;92;197;173;244;276;131;15;49;19;138;208;287;209;148;217;56;90;1;190;115;14;69;190;169;232;155;11;25;70;233;71;220;162;49;196;275;254;244;277;280;223;76;20;101;209;220;5;27;40;162;280;114;161;6;295;77;2;74;12;92;292;78;50;145;49;199;127;132;199;32
EL62;????? ????? (Ionia Nisia);EL;2001;175;186;289;204;31;300;210;39;244;138;157;21;58;215;90;67;72;163;69;30;275;251;228;93;256;110;255;1;172;248;179;261;57;29;39;161;249;286;134;247;85;158;71;253;148;265;51;299;50;54;218;250;300;116;41;244;63;221;46;55;224;87;267;256;137;217;169;62;56;202;31;264;291;134;8;245;145;32;126;30
EL63;?????? ?????? (Dytiki Ellada);EL;2010;158;192;178;148;34;194;91;290;240;160;233;169;289;187;52;60;9;107;40;120;187;176;117;187;286;102;232;1;287;161;148;136;173;12;54;298;17;134;184;36;44;2;183;127;246;52;86;1;200;187;260;117;34;81;145;272;223;164;129;106;11;297;187;85;275;237;257;273;101;71;155;273;16;16;286;232;216;49;73;238
EL64;?????? ?????? (Sterea Ellada);EL;2009;61;4;208;95;233;189;75;275;202;212;199;120;203;247;6;290;61;221;240;235;242;11;143;86;44;101;55;1;198;184;290;191;71;160;208;94;175;34;111;146;186;56;14;189;38;40;267;216;77;206;131;220;197;252;282;174;222;16;264;88;235;208;139;61;235;106;45;60;121;204;214;39;25;54;260;46;234;139;131;57
EL65;???????????? (Peloponnisos);EL;2001;115;289;144;107;101;180;233;93;205;194;247;131;246;20;299;225;289;261;144;213;194;216;184;290;39;184;102;1;89;242;45;161;44;112;171;295;261;74;70;157;253;202;185;42;175;184;31;93;127;266;191;125;295;221;49;196;51;39;72;109;39;190;33;8;15;124;277;137;272;128;184;36;117;217;4;277;105;183;83;7
ELZZ;Extra-Regio NUTS 2;EL;2005;210;32;69;187;122;264;186;108;40;64;76;204;21;244;225;195;131;277;161;123;285;112;262;168;276;129;246;1;229;244;149;275;202;179;87;60;47;162;256;79;84;183;71;275;238;47;288;104;44;295;74;69;136;152;215;154;188;42;59;8;210;283;126;30;47;22;17;124;203;26;85;276;174;102;214;46;64;194;156;187
ES11;Galicia;ES;2010;170;134;238;198;87;255;165;56;200;143;83;240;182;17;157;35;50;223;143;270;172;25;53;98;95;56;152;1;229;90;132;98;57;104;17;77;77;157;188;4;290;57;53;1;124;73;238;255;14;149;171;211;229;203;49;287;13;221;290;199;31;252;64;199;133;241;75;235;288;102;78;94;120;110;182;44;240;102;41;142
ES12;Principado de Asturias;ES;2008;269;129;221;4;100;194;213;144;247;261;81;82;287;79;293;66;107;243;233;161;32;79;229;8;177;88;88;1;156;132;273;133;235;215;257;282;254;196;96;56;154;134;81;171;246;233;145;43;227;19;111;62;71;186;212;98;267;46;270;43;214;129;261;6;267;227;144;19;222;196;151;33;275;292;219;87;144;62;40;152
ES13;Cantabria;ES;2007;254;243;77;138;257;66;278;32;298;210;17;52;37;81;56;65;12;190;53;293;124;61;160;139;239;240;39;1;289;270;31;206;49;116;163;205;176;50;139;229;180;210;97;39;189;219;83;24;205;58;203;23;264;72;144;46;96;169;88;139;174;179;204;286;267;43;30;33;145;46;33;66;173;121;68;227;101;141;142;190
ES21;Pa°s Vasco;ES;2001;229;17;73;142;156;39;275;170;137;193;40;218;190;199;280;281;29;55;65;289;246;249;208;260;94;209;230;1;140;238;192;182;28;71;116;297;84;230;119;93;92;47;181;131;189;79;140;131;133;152;39;32;287;246;69;236;219;234;102;40;164;85;198;286;6;61;119;60;79;245;33;124;279;12;65;35;250;59;197;4
ES22;Comunidad Foral de Navarra;ES;2010;161;157;132;282;55;148;115;219;201;157;94;61;176;164;194;232;33;202;276;173;178;179;176;147;292;292;170;1;147;180;204;88;112;186;30;207;93;66;22;158;165;293;65;282;13;147;276;244;108;234;249;215;156;185;163;218;4;282;185;269;202;99;74;85;184;146;29;182;232;299;293;183;86;112;135;281;67;41;58;241
ES23;La Rioja;ES;2007;90;61;204;166;283;13;219;218;300;275;128;134;251;91;157;192;149;129;284;45;64;258;300;79;253;136;185;1;169;211;44;211;221;86;16;135;143;50;149;129;284;272;135;191;150;208;112;129;126;24;6;39;289;104;293;75;105;252;246;51;267;43;92;154;233;260;134;20;67;205;231;9;284;247;247;206;253;81;123;253
ES24;Arag¢n;ES;2002;141;201;226;99;25;242;200;136;53;38;230;64;46;175;29;87;260;297;145;289;157;142;50;175;244;208;122;1;218;243;14;16;51;212;103;257;236;143;267;253;52;15;104;158;230;247;144;91;241;56;148;246;171;250;281;204;47;122;11;27;54;279;113;241;250;236;63;188;290;16;156;298;150;207;191;17;170;8;65;161
ES30;Comunidad de Madrid;ES;2004;47;184;142;159;211;243;84;18;199;2;45;268;226;205;153;58;227;239;46;192;296;238;224;140;292;8;161;1;11;247;238;158;233;248;116;164;272;276;209;106;77;226;55;199;200;256;113;49;115;57;194;267;1;73;227;246;207;89;203;198;226;128;289;150;22;161;143;32;297;118;96;201;173;253;272;101;228;86;110;263
ES41;Castilla y Le¢n;ES;2004;175;43;256;37;191;235;205;224;262;197;91;285;87;251;181;209;33;78;1;129;65;166;60;108;284;71;4;1;61;38;212;8;45;274;56;230;175;233;272;28;190;243;281;224;110;152;28;230;168;183;204;43;239;144;277;15;294;22;2;202;290;203;127;57;116;7;145;186;258;264;42;209;103;62;210;52;36;205;155;154
ES42;Castilla-La Mancha;ES;2011;51;147;213;139;263;204;14;27;297;120;27;134;107;254;18;171;259;217;209;75;60;36;163;292;289;273;217;1;74;28;188;30;21;296;178;111;151;248;153;103;236;72;286;110;17;200;47;189;232;24;270;163;222;271;36;160;159;58;263;191;181;229;78;142;94;71;29;223;128;30;267;199;185;187;112;62;220;293;194;86
ES43;Extremadura;ES;2015;220;209;2;273;3;219;29;275;144;116;84;150;93;143;13;42;95;76;254;135;92;25;59;224;121;299;99;1;142;279;156;55;217;60;142;42;88;295;83;203;141;54;219;59;11;176;286;114;204;175;209;86;285;297;3;135;158;103;262;265;257;16;92;264;137;258;28;251;207;250;169;214;36;140;294;164;298;254;180;208
ES51;Catalu§a;ES;2003;3;126;21;243;58;62;227;258;287;183;292;280;23;17;245;52;40;110;250;276;33;133;132;196;58;63;134;1;256;202;49;90;232;12;223;35;236;7;31;79;119;202;143;218;158;110;294;269;116;42;204;53;41;208;215;178;273;158;151;226;114;218;293;46;110;254;106;239;273;234;195;168;160;239;12;11;219;51;164;73
ES52;Comunidad Valenciana;ES;2001;1;1;1;1;1;1;123,8;1;1;1;1;23;80;129;105;94;198;159;245;147;300;185;15;49;50;58;205;1;242;29;45;133;121;186;221;268;256;285;51;197;63;276;193;259;75;114;113;240;227;248;65;234;36;22;31;257;182;161;145;232;44;10;213;218;181;83;261;270;136;161;196;146;298;204;117;106;64;121;112;64
ES53;Illes Balears;ES;2004;141;49;202;112;111;276;33;1;78;179;128;74;298;137;28;158;146;261;72;286;178;165;181;284;33;97;250;1;189;151;258;275;137;4;171;51;55;300;195;59;295;184;38;289;120;165;69;14;94;4;258;297;71;184;205;133;87;268;80;283;12;151;274;292;247;251;181;158;139;213;154;116;32;4;89;72;160;55;137;231
ES61;Andaluc°a;ES;2011;5;167;278;217;26;70;50;119;189;140;287;260;9;144;56;64;62;193;166;20;6;29;203;277;248;27;81;1;54;207;267;155;225;280;300;222;104;141;69;118;117;260;221;27;60;289;294;4;80;60;298;214;210;266;9;120;152;84;210;142;146;124;230;231;298;35;248;145;13;74;54;59;255;242;216;248;179;15;272;148
ES62;Regi¢n de Murcia;ES;2003;136;273;5;299;105;240;96;289;135;159;151;12;250;148;157;202;255;76;215;34;253;213;209;217;232;112;161;1;182;183;59;175;101;25;289;75;11;271;175;105;124;211;30;274;168;123;41;36;153;183;21;269;265;204;142;114;3;176;140;81;60;19;260;29;223;89;40;21;77;53;224;62;36;188;127;87;165;149;36;274
ES63;Ciudad Aut¢noma de Ceuta;ES;2011;19;119;26;140;207;79;31;70;173;152;19;203;220;270;89;279;259;238;249;87;273;226;286;177;44;286;59;1;179;142;58;104;178;269;98;257;165;187;196;260;105;140;251;105;51;49;268;35;116;227;165;64;90;259;58;31;254;66;293;188;9;268;228;215;168;81;103;105;180;275;36;261;111;224;276;47;71;192;161;33
ES64;Ciudad Aut¢noma de Melilla;ES;2010;61;300;72;251;46;134;7;74;261;205;9;99;44;70;68;57;296;208;191;48;115;173;279;262;164;126;75;1;74;123;122;216;122;68;140;27;100;258;134;237;207;241;173;193;179;217;265;213;265;214;30;251;187;225;7;161;42;196;199;146;179;47;201;234;250;72;32;178;128;88;52;277;240;84;49;6;151;267;100;57
ES70;Canarias;ES;2015;129;223;228;11;204;250;109;236;184;192;183;52;287;277;50;91;7;143;179;118;212;230;297;269;270;278;126;1;29;187;74;232;63;96;92;286;164;205;190;79;130;294;240;118;172;103;159;264;33;44;283;101;95;34;203;199;27;157;218;49;110;25;103;175;12;206;219;62;94;164;210;182;109;116;85;147;62;181;4;157
ESZZ;Extra-Regio NUTS 2;ES;2001;206;5;184;296;58;43;231;300;241;269;98;241;256;68;299;68;274;20;165;253;41;162;19;185;170;248;112;1;51;57;38;216;117;57;251;180;173;188;13;242;264;141;105;288;224;188;63;299;298;90;53;196;272;287;177;195;196;157;192;91;13;163;80;145;40;19;160;39;226;234;150;243;15;121;202;251;245;31;198;245
FR10;◊le de France;FR;2008;56;28;79;297;271;64;241;164;216;253;118;82;81;176;14;110;211;270;162;129;105;202;175;261;203;90;31;1;83;295;175;247;260;296;78;119;296;183;285;35;43;1;169;12;251;167;125;153;203;37;288;13;178;150;30;60;100;188;103;97;49;264;139;243;225;121;213;147;4;84;74;296;64;49;22;98;182;258;84;259
FR21;Champagne-Ardenne;FR;2004;226;267;159;97;18;52;166;127;249;142;69;237;147;25;242;286;150;295;141;85;118;259;89;222;2;41;58;1;82;273;166;1;246;221;63;35;181;147;79;157;201;124;116;87;90;91;110;72;100;28;48;165;162;242;247;247;265;203;172;175;172;109;170;154;13;213;193;286;205;81;112;80;229;153;139;289;197;10;198;44
FR22;Picardie;FR;2003;187;247;32;298;43;139;250;109;32;26;72;224;136;172;3;3;37;213;214;82;66;109;102;221;238;287;282;1;57;286;219;155;279;57;199;183;300;216;110;125;139;202;224;64;287;101;132;131;188;216;100;7;232;285;145;226;61;53;55;158;255;188;45;51;80;246;196;219;54;197;233;151;36;294;144;96;134;134;236;87
FR23;Haute-Normandie;FR;2004;134;264;275;284;98;239;81;75;183;14;68;298;146;57;56;156;296;233;7;225;2;145;106;49;247;38;290;1;266;80;120;249;215;81;133;248;55;7;73;187;211;97;300;256;179;22;109;163;209;166;179;249;9;39;61;275;213;84;199;25;277;187;72;81;246;52;97;162;137;108;12;250;183;218;184;33;232;285;96;190
FR24;Centre;FR;2002;299;114;73;98;272;238;31;298;62;200;94;41;142;244;121;121;118;71;198;254;236;5;230;31;105;108;141;1;203;34;56;188;229;171;64;31;78;77;128;44;289;74;203;212;248;174;287;71;67;169;199;145;107;234;205;283;272;210;273;5;232;159;227;86;212;180;140;134;5;189;178;299;19;224;88;217;266;208;203;75
FR25;Basse-Normandie;FR;2003;56;12;108;293;122;113;84;106;193;248;28;80;281;71;150;284;19;155;114;26;41;242;115;263;36;33;26;1;218;267;14;210;50;87;234;259;288;73;17;209;222;66;226;258;128;58;60;283;73;25;237;256;19;192;168;26;4;207;117;233;49;193;40;223;196;64;112;129;99;187;272;80;285;231;29;20;97;114;174;115
FR26;Bourgogne;FR;2015;42;146;127;37;71;32;111;230;262;280;139;199;268;27;245;298;25;289;147;229;73;2;197;248;74;253;158;1;44;286;267;124;49;42;38;108;1;232;148;281;250;243;6;173;203;285;8;119;59;193;241;176;12;259;249;94;83;14;255;238;81;144;288;217;260;1;241;119;98;115;7;246;232;77;132;41;254;271;188;87
FR30;Nord - Pas-de-Calais;FR;2003;297;186;243;219;163;230;98;1;222;147;186;246;30;18;65;120;292;101;222;129;242;57;54;97;69;96;258;1;275;54;62;252;215;89;186;255;217;285;140;25;20;49;226;259;12;243;34;198;197;152;39;300;89;210;238;2;234;8;235;125;230;199;208;29;116;133;256;193;59;120;297;252;90;255;69;284;18;64;30;270
FR41;Lorraine;FR;2001;200;65;83;109;257;221;246;97;274;288;42;70;209;173;71;111;38;99;172;215;52;203;10;139;125;5;62;1;274;18;28;45;268;55;126;162;127;253;153;65;239;82;27;64;152;163;193;137;248;28;291;97;272;160;228;255;99;106;43;291;201;85;124;201;285;12;168;115;241;125;75;43;41;85;227;164;228;62;198;113
FR42;Alsace;FR;2014;29;221;73;231;149;95;297;169;66;182;53;131;80;277;42;230;187;277;47;300;3;253;191;147;1;190;218;1;66;86;245;256;297;259;113;43;184;120;33;232;228;245;66;56;211;138;179;135;76;149;146;28;263;293;55;41;215;238;251;260;63;69;132;275;220;226;141;201;196;109;194;33;271;187;140;300;263;265;16;242
FR43;Franche-ComtÇ;FR;2002;259;284;180;105;95;16;200;252;86;229;8;150;109;289;288;213;184;19;283;200;150;85;199;286;29;30;33;1;133;100;148;287;140;277;151;176;43;245;296;5;134;24;109;37;241;169;56;231;90;242;269;36;134;272;223;293;268;199;154;46;97;128;198;291;274;50;76;51;160;256;268;2;122;6;132;115;154;186;136;290
FR51;Pays de la Loire;FR;2003;170;159;43;195;273;51;265;43;94;72;37;149;140;34;182;84;194;9;24;104;122;100;64;167;191;223;238;1;101;188;74;120;43;79;125;262;171;6;44;241;252;74;176;35;300;295;148;273;95;276;277;91;188;74;100;282;129;230;157;10;188;116;74;23;192;255;121;300;27;22;3;192;139;39;262;123;27;204;91;116
FR52;Bretagne;FR;2009;230;223;86;29;260;74;203;199;219;116;59;129;150;178;39;182;188;123;204;262;103;27;198;269;74;218;87;1;124;60;294;290;218;235;20;116;108;27;201;272;241;153;172;87;32;261;140;188;151;193;290;154;108;240;219;215;97;119;288;175;91;14;241;271;110;281;81;297;216;283;241;256;268;181;24;34;257;171;14;130
FR53;Poitou-Charentes;FR;2005;218;148;291;288;14;48;110;95;144;238;265;272;294;198;95;52;254;32;47;282;160;230;281;236;239;156;73;1;165;23;93;111;152;131;75;197;282;235;213;59;155;11;172;292;282;259;63;107;52;134;212;74;174;279;248;226;285;3;218;211;235;260;277;37;114;156;289;270;133;150;175;223;267;70;161;247;72;148;53;290
FR61;Aquitaine;FR;2015;60;120;50;232;125;177;228;8;272;167;99;190;210;131;117;48;48;289;98;191;265;104;146;184;6;209;205;1;114;163;49;175;165;25;175;61;157;57;38;91;165;256;130;147;23;300;13;22;231;59;119;98;247;116;56;258;21;181;235;91;54;28;32;123;299;141;167;248;104;35;129;58;4;31;55;9;89;169;4;142
FR62;Midi-PyrÇnÇes;FR;2002;214;39;63;72;114;53;69;261;193;245;188;28;27;58;179;267;22;242;177;21;264;129;246;282;62;32;61;1;75;139;230;243;281;271;148;71;298;134;209;109;225;158;14;255;181;235;200;114;261;140;33;87;163;16;211;115;151;92;165;54;221;159;40;45;213;300;286;185;244;195;37;258;146;292;279;86;218;177;41;45
FR63;Limousin;FR;2001;220;87;276;204;136;50;5;27;187;197;233;172;220;92;279;271;12;13;224;40;176;144;176;66;90;137;26;1;280;216;269;199;1;36;153;176;127;104;92;278;133;219;226;192;38;26;70;210;204;84;95;223;284;203;137;142;30;153;37;145;80;259;145;284;278;122;90;253;143;92;229;57;83;147;77;261;22;192;14;92
FR71;Rhìne-Alpes;FR;2008;211;99;252;53;47;73;111;82;198;258;101;65;276;224;253;29;28;58;285;22;197;214;53;266;291;247;29;1;150;274;98;209;161;5;161;274;53;283;69;193;213;95;205;246;283;46;86;244;87;109;218;156;214;101;274;173;271;79;88;201;264;109;235;234;150;190;46;66;110;115;115;140;102;75;57;277;239;61;172;158
FR72;Auvergne;FR;2007;175;177;131;179;47;261;123;256;121;249;11;293;22;44;221;57;107;216;204;9;156;92;133;31;102;148;223;1;29;251;112;245;156;214;281;94;224;59;206;207;68;84;145;166;31;271;4;60;124;12;116;28;177;115;89;29;102;181;115;178;128;111;23;148;123;289;68;149;12;4;102;211;177;59;201;140;134;136;261;31
FR81;Languedoc-Roussillon;FR;2012;256;111;102;276;33;19;250;189;167;228;30;196;210;192;154;262;195;206;217;54;232;144;174;210;83;300;178;1;141;83;60;274;53;233;207;161;174;83;101;193;72;189;201;154;170;293;222;127;206;123;88;229;213;296;18;198;59;241;155;122;97;60;222;267;222;96;92;96;230;34;264;142;71;254;45;286;138;110;274;280
FR82;Provence-Alpes-Cìte d'Azur;FR;2007;127;267;145;161;82;112;148;238;100;285;154;235;169;188;103;278;61;151;146;119;233;198;7;35;107;140;72;1;111;14;270;175;270;222;252;214;226;208;90;48;194;25;130;260;120;134;60;140;167;167;279;249;93;123;131;278;76;88;17;285;244;123;42;140;213;259;254;294;187;107;254;253;179;158;33;191;200;277;158;151
FR83;Corse;FR;2003;154;152;240;202;120;238;106;225;188;270;173;115;216;190;237;241;190;150;13;159;133;266;56;213;141;201;285;1;114;299;148;172;194;169;138;166;268;257;242;198;213;260;102;19;198;111;267;193;294;23;248;203;23;272;234;148;69;14;175;269;154;197;96;239;206;187;73;70;203;294;65;133;136;136;41;117;39;298;187;166
FRA1;Guadeloupe;FR;2015;27;275;210;31;239;47;102;51;297;251;294;55;278;43;237;233;180;43;253;266;126;104;202;249;189;287;106;1;108;118;152;1;135;202;167;51;45;259;52;291;262;198;72;22;261;20;32;62;164;265;82;140;13;273;217;69;272;100;7;292;71;236;278;108;37;64;120;75;113;173;267;61;85;194;57;232;201;128;64;11
FRA2;Martinique;FR;2015;22;43;226;9;195;279;12;112;141;221;26;253;31;265;148;172;227;287;219;17;169;247;241;188;6;121;97;1;9;85;155;252;241;109;271;278;92;191;95;276;13;109;279;77;30;297;63;283;180;155;177;181;56;296;273;104;21;249;288;108;11;29;187;23;57;108;178;82;4;54;230;164;120;89;142;254;32;238;188;293
FRA3;Guyane;FR;2013;285;295;241;42;151;184;10;135;217;161;273;140;46;137;111;217;129;10;76;59;269;48;153;236;190;154;297;1;74;190;157;87;183;88;153;264;33;220;94;200;259;134;122;204;208;253;209;17;34;42;286;212;50;148;148;95;91;44;210;236;145;140;42;17;92;70;168;158;100;110;174;163;293;269;108;207;141;87;206;120
FRA4;La RÇunion;FR;2015;177;167;134;236;211;26;162;27;17;293;112;87;109;192;275;32;99;227;15;15;148;159;203;67;138;236;66;1;44;124;275;246;197;117;241;186;161;194;120;57;275;264;297;37;12;261;290;184;111;162;59;100;267;261;78;272;172;254;95;13;283;196;176;4;253;117;157;235;38;12;90;185;68;187;274;44;195;9;56;56
FRA5;Mayotte;FR;2009;279;37;72;294;101;130;146;182;162;109;126;143;41;288;136;132;210;208;211;95;22;237;5;232;49;277;236;1;40;166;105;241;27;241;130;261;84;86;97;274;134;76;125;289;128;16;88;244;264;136;40;245;286;129;93;140;26;233;23;292;24;235;95;226;90;241;267;250;283;114;293;94;217;128;177;152;89;241;109;152
FRZZ;Extra-Regio NUTS 2;FR;2009;10;52;86;273;1;124;131;202;172;115;17;119;121;51;148;183;295;133;48;100;72;297;202;37;108;272;46;1;217;285;300;112;245;243;71;244;96;148;155;271;9;1;276;8;77;53;42;261;227;98;75;59;299;167;141;208;137;277;154;50;62;70;151;20;20;6;138;112;100;113;122;12;163;21;159;271;154;10;298;230
HR03;Jadranska Hrvatska;HR;2004;226;224;190;1;64;219;226;147;96;248;94;138;32;163;211;27;209;263;78;281;105;97;171;229;119;223;110;1;238;243;55;115;128;65;129;208;104;56;125;297;286;293;178;163;188;274;283;44;151;195;210;283;271;46;112;205;181;220;27;258;84;246;214;73;199;272;12;5;216;59;138;21;256;31;154;285;168;107;31;85
HR04;Kontinentalna Hrvatska;HR;2006;284;220;126;69;1;299;230;98;166;299;123;37;163;290;203;243;161;142;188;283;230;198;11;17;9;172;204;1;101;52;94;235;174;170;46;75;4;243;96;200;161;5;75;218;236;34;226;93;42;198;85;175;138;159;76;177;159;208;132;117;135;87;291;212;43;297;68;33;98;28;133;101;82;202;112;225;95;180;87;264
HRZZ;Extra-Regio NUTS 2;HR;2001;221;203;186;65;220;12;274;176;235;32;222;73;59;265;291;77;163;201;199;286;11;194;108;127;221;108;179;1;96;281;62;253;31;235;281;282;225;283;134;162;207;72;281;162;182;140;268;9;79;145;272;119;147;299;226;232;101;246;215;139;13;271;5;228;87;64;271;32;286;79;289;1;21;294;98;287;277;290;203;235
ITC1;Piemonte;IT;2007;222;17;151;90;252;287;141;149;122;165;107;190;58;39;196;121;177;30;154;130;270;238;15;35;198;279;37;1;170;222;101;12;156;1;29;118;87;206;249;260;115;60;137;299;298;258;65;33;18;3;120;148;18;143;224;220;295;6;46;13;217;59;131;214;131;216;299;227;28;254;51;237;29;92;54;220;160;19;17;202
ITC2;Valle d'Aosta/VallÇe d'Aoste;IT;2013;46;157;118;38;166;111;190;145;269;10;64;63;16;199;215;253;80;168;107;23;182;8;181;290;257;171;217;1;114;122;280;276;138;91;226;239;271;279;177;248;61;285;25;171;247;250;149;154;266;44;68;119;81;209;111;213;93;158;20;82;265;209;167;157;43;67;113;56;169;160;143;157;99;216;60;81;85;145;272;216
ITC3;Liguria;IT;2001;16;294;73;167;228;283;161;134;183;234;58;23;92;83;39;163;92;34;55;215;8;281;29;244;2;9;232;1;14;242;296;247;262;248;116;94;18;283;183;34;203;26;204;96;89;42;13;234;210;106;287;294;202;96;52;284;103;238;4;57;38;212;298;242;29;23;290;275;9;162;254;289;103;219;254;66;10;55;155;43
ITC4;Lombardia;IT;2006;97;84;235;112;249;198;188;12;160;72;185;198;72;192;277;86;136;59;245;29;16;77;294;268;166;208;291;1;183;47;224;230;209;149;187;103;229;202;299;192;176;221;275;121;199;262;257;190;266;106;32;258;209;199;200;94;9;111;60;86;299;4;123;2;72;197;108;286;165;53;69;92;222;140;56;184;60;143;222;97
ITF1;Abruzzo;IT;2011;249;174;245;149;283;222;50;256;224;159;61;33;159;124;163;108;48;28;97;229;55;94;184;212;184;300;103;1;239;166;273;41;269;156;35;100;218;122;71;151;50;99;59;174;157;4;175;228;105;69;111;66;292;71;8;68;240;17;163;281;247;37;255;108;205;32;282;211;229;105;152;200;184;250;274;187;50;209;240;172
ITF2;Molise;IT;2008;247;229;225;111;225;75;178;5;223;244;112;223;224;217;195;187;233;40;136;257;5;83;105;274;235;171;205;1;287;293;245;247;126;87;175;4;131;271;229;57;5;55;133;47;167;107;200;238;217;112;132;266;134;98;205;41;229;153;102;197;202;268;228;156;195;209;240;105;180;145;252;153;147;197;48;230;167;55;153;240
ITF3;Campania;IT;2015;197;124;229;185;37;252;129;219;279;140;133;89;146;45;90;264;8;68;214;175;201;136;40;290;194;68;290;1;188;279;30;196;114;293;139;25;252;16;116;300;204;126;95;267;276;297;127;275;49;53;68;153;73;158;284;282;50;258;156;161;39;4;165;206;130;171;65;235;149;136;235;178;155;291;30;275;126;165;5;172
ITF4;Puglia;IT;2013;135;94;108;24;9;263;54;178;201;110;174;175;194;263;200;210;280;64;44;118;48;14;93;155;260;116;134;1;152;25;150;199;127;227;257;39;292;113;209;122;136;256;80;97;201;73;274;203;290;145;73;208;169;257;125;249;36;240;251;292;189;251;265;3;209;208;202;92;53;52;252;110;268;278;266;165;47;283;219;92
ITF5;Basilicata;IT;2009;72;71;41;95;99;131;138;175;90;162;205;209;288;67;143;263;226;16;270;280;227;194;247;150;192;168;183;1;287;60;13;278;183;228;217;63;67;115;197;106;59;179;85;101;205;37;37;203;63;264;131;132;51;244;294;175;225;199;278;186;74;127;135;290;184;253;141;115;90;20;93;10;115;240;70;74;294;173;28;137
ITF6;Calabria;IT;2001;133;2;100;123;296;150;201;282;174;43;81;93;269;265;117;191;297;144;238;275;146;299;186;187;51;41;249;1;213;214;95;86;220;87;162;89;49;19;213;97;297;202;246;163;95;47;80;261;226;91;274;151;269;167;282;262;296;200;134;13;122;58;47;179;63;210;103;163;65;246;234;254;171;128;265;143;207;280;255;236
ITG1;Sicilia;IT;2003;181;164;168;84;100;132;212;4;14;292;48;56;174;268;84;54;177;156;132;117;234;273;60;137;250;23;212;1;259;234;6;88;206;199;96;18;146;63;52;223;215;294;211;223;170;217;136;121;160;229;234;101;97;8;16;252;102;146;187;131;228;202;136;282;174;138;134;89;154;109;48;1;196;174;149;297;164;101;7;273
ITG2;Sardegna;IT;2012;48;165;258;107;220;160;255;32;165;152;266;217;154;128;22;296;58;84;196;32;295;110;141;255;28;156;165;1;117;276;107;205;79;43;28;245;65;6;6;166;270;235;124;151;206;159;232;231;132;261;213;52;252;280;148;165;206;82;144;54;8;180;243;104;132;297;273;292;222;259;81;149;223;113;254;196;135;13;1;264
ITH1;Provincia Autonoma di Bolzano/Bozen;IT;2010;178;34;96;81;54;129;175;35;261;39;133;2;169;31;27;266;237;233;109;186;42;157;246;227;124;186;194;1;2;213;25;296;114;166;169;48;20;14;284;286;199;22;74;211;299;235;14;189;157;108;92;82;189;263;203;268;217;115;193;84;19;107;287;249;65;165;126;212;61;278;272;192;266;111;210;13;213;99;96;111
ITH2;Provincia Autonoma di Trento;IT;2014;5;60;78;15;48;200;46;119;77;269;253;255;68;182;33;282;109;134;48;170;262;9;197;183;92;148;8;1;146;169;263;139;272;138;194;293;215;92;60;139;159;293;203;273;136;92;117;229;55;23;270;211;67;98;195;194;130;244;81;296;297;213;251;179;195;104;201;30;71;266;151;180;276;37;224;275;178;185;40;99
ITH3;Veneto;IT;2010;57;38;150;263;2;291;247;107;167;290;255;74;101;149;37;206;204;157;150;110;206;288;63;51;24;264;61;1;119;17;299;205;227;22;211;176;250;101;90;94;105;284;191;258;171;70;211;24;203;113;275;46;158;50;56;206;165;183;124;91;197;173;208;240;66;203;270;60;181;164;101;154;231;233;3;165;252;97;63;217
ITH4;Friuli-Venezia Giulia;IT;2005;74;43;239;203;109;58;247;174;261;25;201;139;183;199;210;24;167;295;114;119;113;195;260;174;29;241;276;1;252;100;136;257;17;158;51;129;132;108;206;114;77;16;144;153;44;173;227;272;235;172;34;299;93;289;229;56;243;199;174;152;287;29;217;160;75;129;180;57;216;28;25;21;169;282;34;7;116;227;118;210
ITH5;Emilia-Romagna;IT;2008;122;282;265;64;40;37;106;189;230;166;65;289;270;230;206;200;253;244;17;233;230;147;154;82;201;199;254;1;89;142;250;166;105;10;51;84;192;215;108;242;178;105;13;267;204;300;15;24;175;181;267;155;290;20;288;191;217;233;85;24;276;100;298;154;54;201;262;278;161;18;50;194;236;215;228;218;151;104;173;9
ITI1;Toscana;IT;2012;227;147;242;256;105;295;22;98;159;221;53;142;139;32;137;14;257;108;42;186;144;48;145;267;29;64;240;1;14;94;44;266;275;95;138;236;161;123;243;87;237;186;151;195;240;238;229;284;60;180;100;240;135;272;289;130;38;278;216;284;233;230;218;181;35;240;242;67;210;272;50;121;56;8;231;2;155;63;172;125
ITI2;Umbria;IT;2013;68;247;257;215;275;2;219;192;298;115;32;68;113;43;90;207;176;172;299;143;293;203;3;248;229;28;37;1;288;199;155;150;91;251;181;19;221;208;180;69;286;194;220;12;183;233;116;220;233;10;113;73;36;228;230;82;139;47;23;300;255;62;115;23;48;184;153;176;157;123;143;2;84;280;61;240;171;214;271;153
ITI3;Marche;IT;2001;44;7;296;35;123;7;78;50;176;166;34;214;288;269;17;13;82;222;8;289;232;106;34;210;225;138;231;1;114;32;17;90;282;197;166;166;23;123;300;225;38;22;15;99;59;6;64;21;192;159;138;52;202;181;231;53;67;148;213;226;158;17;25;112;258;123;53;100;144;101;56;180;65;18;72;126;49;202;266;264
ITI4;Lazio;IT;2015;72;155;130;61;212;153;25;2;228;137;252;20;129;129;147;74;218;234;164;242;292;3;213;226;61;77;30;1;245;20;112;179;165;159;105;84;168;154;203;87;128;300;159;131;157;167;240;178;228;265;202;76;256;178;201;172;99;123;90;288;90;173;181;161;202;164;135;42;82;259;40;12;287;200;288;20;265;142;9;96
ITZZ;Extra-Regio NUTS 2;IT;2009;177;66;164;223;64;286;242;139;123;131;95;242;245;13;156;267;195;140;296;61;235;33;195;24;2;21;70;1;245;144;122;2;300;224;145;150;190;23;182;114;168;219;50;180;165;184;234;253;57;89;49;34;135;272;177;9;119;53;191;106;69;31;157;230;291;187;162;125;83;54;208;212;137;54;92;157;174;105;87;33
CY00;?????? (KÏpros);CY;2002;226;151;229;147;150;245;90;20;82;213;39;74;130;89;31;196;264;158;104;77;239;141;252;254;82;239;193;1;167;19;188;1;4;202;138;29;279;194;100;285;2;1;11;8;136;211;92;77;207;176;229;248;268;175;185;253;145;282;236;207;77;26;162;77;274;90;154;44;239;257;177;220;213;190;187;81;269;84;154;273
CYZZ;Extra-Regio NUTS 2;CY;2015;166;187;115;81;129;274;22;27;203;67;241;150;66;133;153;151;237;65;287;230;212;57;136;131;25;173;13;1;258;72;169;8;274;182;217;181;74;288;291;154;130;296;281;230;69;276;10;239;110;236;133;200;174;244;295;18;219;95;145;67;290;228;89;261;222;169;33;256;265;199;142;24;16;153;2;6;131;101;263;65
LV00;Latvija;LV;2001;100;168;247;201;256;146;253;43;148;160;150;175;225;3;72;176;35;191;291;225;132;231;44;106;243;287;121;1;226;206;82;217;201;124;131;48;262;91;88;140;29;267;108;281;10;23;232;295;48;40;135;237;50;95;148;216;89;242;44;24;71;275;146;73;104;20;190;143;156;30;86;238;113;48;135;197;286;86;30;257
LVZZ;Extra-Regio NUTS 2;LV;2012;239;158;256;112;272;72;181;95;98;158;90;137;124;142;216;40;44;52;7;35;96;90;50;50;190;297;32;1;233;87;182;83;80;235;215;176;31;227;204;156;146;257;23;169;154;36;86;54;112;171;223;42;143;80;250;122;186;273;81;69;15;190;251;258;285;98;200;222;265;261;256;193;19;133;216;31;225;44;99;148
LT00;Lietuva;LT;2002;87;284;76;18;131;144;278;92;66;79;86;192;75;151;282;227;127;8;173;53;280;237;169;31;168;137;76;1;121;276;167;240;135;124;117;195;180;69;230;161;159;265;143;270;145;101;119;155;209;106;101;92;47;134;212;293;260;221;280;122;177;48;32;175;142;278;260;160;102;286;250;296;34;213;87;19;92;119;59;250
LTZZ;Extra-Regio NUTS 2;LT;2014;30;17;11;145;165;184;200;1;154;153;50;61;263;78;194;252;78;18;211;144;146;81;63;84;224;100;279;1;53;154;240;68;226;150;168;12;85;144;289;97;208;68;65;84;225;98;160;169;226;30;87;42;231;294;165;147;227;5;22;215;245;240;145;194;211;226;144;181;52;117;253;180;119;98;31;45;188;127;62;166
LU00;Luxembourg;LU;2004;224;69;175;67;43;87;74;153;92;248;33;209;63;49;24;272;152;189;138;81;285;75;95;64;25;59;139;1;9;296;274;120;76;165;171;209;274;239;194;182;120;170;180;151;210;161;35;268;164;41;8;269;215;178;74;17;248;104;244;265;19;148;275;145;18;214;132;77;76;288;64;151;57;94;15;102;294;113;81;168
LUZZ;Extra-Regio NUTS 2;LU;2005;1;143;158;259;116;265;27;85;166;299;206;29;184;230;278;207;289;127;252;289;255;12;30;213;203;136;297;1;190;254;16;88;253;99;214;218;14;71;145;147;54;89;30;125;133;174;270;80;144;6;142;74;227;194;258;22;252;184;269;256;88;2;215;269;265;255;198;269;34;273;204;141;275;148;177;294;34;7;55;271
HU10;KîzÇp-Magyarorsz†g;HU;2009;285;141;137;223;271;161;208;79;250;254;148;191;66;107;281;32;104;101;257;283;95;35;265;263;190;165;282;1;229;88;184;132;185;228;261;126;9;135;40;285;210;178;106;273;101;282;39;276;109;95;232;20;233;60;50;66;67;280;136;112;282;74;80;2;157;143;3;188;38;194;239;204;273;56;217;36;71;34;66;23
HU21;KîzÇp-Dun†nt£l;HU;2012;257;227;11;225;226;164;239;158;123;42;190;217;131;84;205;8;125;226;157;19;263;75;112;111;171;84;255;1;179;116;294;101;21;192;299;3;286;144;283;237;176;42;267;97;113;213;273;137;139;93;70;71;81;179;132;69;180;62;291;156;16;56;21;198;12;260;19;17;14;12;161;86;68;265;103;291;30;237;244;298
HU22;Nyugat-Dun†nt£l;HU;2004;215;38;269;220;206;219;256;287;69;280;102;19;203;31;115;189;124;255;99;129;17;62;147;278;32;120;278;1;124;90;182;140;50;95;268;4;215;15;161;46;227;259;217;76;127;3;151;138;175;122;206;226;106;162;156;92;179;207;7;45;29;199;158;61;27;288;66;27;211;24;92;236;298;162;150;149;163;156;231;220
HU23;DÇl-Dun†nt£l;HU;2004;258;199;28;262;3;290;48;35;173;297;54;70;294;147;193;233;198;126;196;81;219;12;26;161;22;47;210;1;109;165;70;152;51;250;299;108;284;120;232;288;219;87;213;69;224;284;246;6;119;238;261;77;67;72;211;57;255;252;13;6;269;209;168;233;27;271;209;42;202;22;212;138;235;119;200;136;209;271;300;110
HU31;êszak-Magyarorsz†g;HU;2014;120;198;105;289;202;259;103;162;97;196;134;291;272;197;89;298;60;56;199;276;165;28;256;124;246;242;236;1;18;24;30;151;131;164;264;178;242;277;31;130;202;82;90;12;27;258;208;152;264;86;270;96;44;93;258;77;109;112;140;4;179;141;38;277;68;74;110;286;269;184;235;179;280;263;269;1;169;133;23;61
HU32;êszak-Alfîld;HU;2007;229;97;130;160;92;210;239;78;78;91;1;74;230;99;200;23;40;57;188;55;98;58;102;266;180;238;42;1;1;208;247;53;246;89;100;280;283;264;193;86;230;49;234;144;194;62;253;181;81;149;166;17;155;8;94;216;56;174;156;222;52;119;65;136;5;158;295;225;10;142;292;23;257;275;9;252;246;226;196;145
HU33;DÇl-Alfîld;HU;2002;90;154;103;242;243;31;85;136;173;252;34;235;53;106;12;22;251;253;80;89;293;270;2;300;240;101;180;1;241;12;213;297;230;162;193;54;136;20;95;56;40;219;102;297;122;153;177;300;132;44;107;123;144;14;224;299;163;118;293;34;95;270;275;22;265;288;238;126;281;206;194;282;205;42;27;22;65;222;289;171
HUZZ;Extra-Regio NUTS 2;HU;2014;99;149;108;211;160;150;145;191;66;84;167;251;244;29;279;81;78;237;26;88;270;27;212;16;278;244;6;1;209;292;113;42;23;295;91;250;71;63;174;237;139;62;282;120;121;256;177;44;149;168;146;16;36;201;65;142;202;146;166;71;167;236;81;227;103;262;271;194;76;96;5;140;63;262;50;265;185;68;227;183
MT00;Malta;MT;2002;148;104;122;233;13;95;266;160;227;168;221;218;151;1;105;2;291;12;142;72;151;17;191;295;300;92;2;1;100;33;238;223;60;199;181;288;82;212;268;124;162;91;254;234;56;245;107;164;275;275;208;140;31;100;8;122;58;98;110;284;2;37;233;46;55;129;57;33;61;214;166;185;60;78;151;169;232;57;143;295
MTZZ;Extra-Regio NUTS 2;MT;2012;101;136;117;180;132;162;270;60;1;149;243;81;26;257;124;273;9;6;103;37;42;289;111;168;291;258;27;1;123;271;127;109;295;258;4;31;277;89;261;145;105;44;22;41;181;222;107;89;253;231;260;225;126;165;288;35;130;283;84;125;44;10;212;238;212;251;120;171;148;102;181;5;235;170;151;160;294;228;158;72
NL11;Groningen;NL;2006;185;166;170;140;255;106;285;160;1;191;209;113;259;282;205;1;37;295;274;168;245;41;32;193;123;111;88;1;134;130;255;35;232;163;13;207;296;300;104;174;96;179;241;299;298;158;202;200;7;186;83;189;18;204;123;34;142;158;211;293;204;214;166;176;210;100;83;164;208;36;117;22;33;68;269;12;107;8;29;221
NL12;Friesland (NL);NL;2011;241;133;196;62;282;263;77;56;222;280;192;241;99;36;146;72;271;164;62;191;227;246;182;114;298;240;68;1;267;60;20;211;182;29;41;186;170;8;238;212;262;282;127;259;264;94;205;71;196;101;127;244;117;135;38;283;277;150;273;136;42;50;86;256;44;192;58;55;191;157;183;165;234;44;250;269;275;212;208;251
NL13;Drenthe;NL;2006;147;293;209;211;240;258;187;149;199;122;152;45;219;182;48;134;179;74;191;208;249;154;61;68;158;66;54;1;127;256;125;174;24;183;99;131;221;205;188;93;199;58;125;162;83;253;192;105;169;232;74;261;287;261;160;153;19;124;192;128;169;100;69;73;47;230;216;59;277;170;246;86;132;291;195;166;264;236;284;60
NL21;Overijssel;NL;2009;155;207;217;179;136;163;55;121;225;158;117;284;290;64;177;291;238;182;276;218;233;240;10;272;198;167;111;1;119;237;184;139;178;197;33;17;117;161;23;236;179;176;43;27;142;29;74;28;99;240;177;81;54;293;255;65;21;50;200;102;108;176;54;92;183;213;293;116;163;137;283;101;239;180;220;103;66;87;297;267
NL22;Gelderland;NL;2012;69;236;90;33;171;154;122;228;24;189;182;71;201;285;193;50;244;216;30;257;260;120;116;143;253;40;223;1;86;36;250;178;77;210;230;162;280;89;200;129;195;142;32;145;153;274;235;243;261;222;249;66;107;229;68;32;227;188;251;289;144;299;222;214;192;8;212;249;200;101;81;278;138;39;210;151;234;149;14;77
NL23;Flevoland;NL;2013;228;107;287;278;148;164;246;170;152;70;99;158;294;122;198;154;81;271;15;149;254;106;204;86;258;282;141;1;126;140;256;155;130;216;235;138;32;52;290;283;275;216;167;197;155;268;96;5;285;151;123;118;28;32;43;139;141;242;81;72;207;235;207;105;62;173;84;233;150;265;111;130;252;185;166;64;212;197;111;40
NL31;Utrecht;NL;2006;189;64;214;264;106;166;268;245;276;175;38;236;27;89;265;29;240;128;5;52;164;113;245;216;195;6;231;1;283;109;168;220;135;1;137;257;25;105;192;152;254;99;116;284;259;231;59;135;165;121;142;35;84;134;65;195;30;130;56;269;218;221;17;98;190;76;124;250;190;280;5;16;63;285;133;156;70;34;167;185
NL32;Noord-Holland;NL;2005;259;7;9;69;12;165;266;38;35;257;209;120;168;200;158;30;174;207;15;196;159;79;30;269;273;170;191;1;229;191;270;180;92;169;122;65;6;290;273;297;264;129;118;105;198;288;96;38;3;238;260;171;143;130;58;136;205;88;18;131;150;275;107;59;7;260;262;207;295;65;264;96;296;244;79;297;10;294;254;43
NL33;Zuid-Holland;NL;2007;26;143;88;35;59;182;15;61;174;145;110;171;9;202;279;83;20;4;265;143;166;245;23;183;13;51;75;1;37;84;52;298;88;83;267;295;142;295;272;231;153;66;240;52;42;75;3;225;17;224;45;175;21;142;83;201;190;132;212;256;289;241;238;156;104;25;273;262;31;291;235;42;138;22;84;151;13;104;72;80
NL34;Zeeland;NL;2008;45;291;246;115;92;167;184;194;232;255;43;75;94;164;13;28;160;223;247;232;64;29;281;52;73;27;29;1;286;65;259;274;84;176;176;54;242;109;214;109;84;254;7;124;295;71;237;25;48;44;82;32;82;216;101;71;247;252;170;142;130;135;250;123;216;185;39;2;165;299;204;181;82;136;133;220;33;126;193;120
NL41;Noord-Brabant;NL;2002;154;14;213;39;54;198;216;86;73;191;131;126;209;155;206;118;66;239;125;184;175;28;41;282;300;186;70;1;169;233;245;33;262;3;271;160;31;58;68;17;34;62;210;165;291;153;252;96;155;271;235;179;287;19;268;165;10;286;264;260;11;7;153;65;72;199;247;55;3;34;199;13;111;299;105;182;131;70;39;37
NL42;Limburg (NL);NL;2003;288;89;50;32;29;71;238;205;5;272;107;212;94;235;199;121;161;91;178;28;142;221;82;157;55;256;42;1;246;92;145;202;194;133;36;294;143;194;144;73;42;31;147;117;215;197;239;267;76;215;289;172;70;83;48;174;159;280;221;147;141;212;97;116;144;126;263;46;202;20;273;280;30;242;171;11;117;203;53;264
NLZZ;Extra-Regio NUTS 2;NL;2014;60;202;22;72;44;264;294;58;150;8;93;101;119;38;11;297;116;138;139;173;225;159;211;79;141;277;37;1;63;203;1;213;257;168;1;238;69;298;20;49;247;22;165;49;44;96;243;206;163;241;274;126;150;194;193;255;72;224;217;250;264;120;280;257;92;172;130;91;156;189;149;271;191;242;136;115;81;290;257;143
AT11;Burgenland (AT);AT;2007;41;109;193;50;142;29;137;254;299;1;5;119;213;275;296;132;122;235;92;225;103;252;40;109;143;113;117;1;222;211;3;29;272;64;294;133;254;186;297;109;154;38;291;98;89;2;103;244;248;117;138;177;148;151;203;211;76;124;96;125;9;227;65;88;221;117;286;163;152;175;14;173;145;241;33;269;127;162;75;44
AT12;Niederîsterreich;AT;2014;256;164;224;255;40;8;2;241;182;171;213;221;61;10;88;229;77;98;201;194;76;224;139;182;257;141;113;1;275;240;91;223;33;163;289;236;247;245;156;162;241;195;145;96;15;102;8;267;123;215;63;298;35;283;110;102;300;82;13;77;189;41;191;27;181;241;52;162;234;269;148;155;296;217;207;5;99;102;143;73
AT13;Wien;AT;2009;148;49;9;128;293;131;200;102;291;53;230;106;72;84;152;4;85;222;22;198;61;194;240;5;54;173;197;1;165;239;227;294;116;168;28;134;68;184;100;221;187;51;236;67;140;293;51;7;45;27;217;105;296;202;291;26;273;199;239;150;149;81;189;143;85;258;113;205;29;72;123;110;81;99;68;221;157;91;113;107
AT21;KÑrnten;AT;2005;265;224;183;84;227;10;109;48;111;61;272;216;64;76;97;230;153;101;179;179;87;298;198;176;278;192;141;1;156;300;62;101;300;80;68;200;2;54;87;206;98;289;166;66;101;230;44;88;139;35;29;238;212;19;260;291;237;266;106;36;148;193;12;81;235;283;36;20;298;295;43;196;6;166;16;77;163;107;115;164
AT22;Steiermark;AT;2009;68;242;22;4;221;182;214;158;261;281;272;261;45;76;271;32;51;295;13;278;28;223;225;182;118;253;290;1;83;228;300;268;123;25;261;108;213;294;291;148;274;94;31;199;177;154;229;242;214;49;103;144;197;277;81;215;209;237;80;81;268;160;185;247;128;181;280;101;44;264;116;47;2;109;188;56;173;160;203;174
AT31;Oberîsterreich;AT;2014;66;179;199;129;38;12;153;194;227;39;64;241;162;213;94;289;30;79;224;130;280;64;225;14;267;134;193;1;278;1;261;147;277;286;292;48;236;76;239;270;222;66;253;143;160;252;80;169;145;55;149;188;132;203;24;192;78;295;170;252;5;159;193;6;194;13;294;240;112;213;100;67;10;277;293;264;101;79;65;294
AT32;Salzburg;AT;2002;139;136;101;226;191;221;161;240;58;201;199;94;287;228;231;53;232;273;297;126;176;55;251;267;38;153;200;1;8;136;92;120;94;216;180;177;286;48;117;260;284;142;240;248;25;103;180;246;265;142;163;87;205;64;122;300;182;116;21;65;278;231;234;63;200;4;203;146;283;51;79;283;32;238;196;56;235;136;20;115
AT33;Tirol;AT;2012;120;121;289;31;126;119;9;188;139;202;108;175;295;100;196;236;45;28;90;144;115;232;276;59;28;182;203;1;19;48;169;51;38;23;47;247;22;112;180;84;78;160;46;31;78;82;255;296;176;29;125;210;229;71;193;3;216;103;11;267;30;279;43;60;87;105;162;241;71;281;39;143;183;227;216;262;111;154;300;91
AT34;Vorarlberg;AT;2002;110;194;107;33;85;6;202;79;10;229;35;271;8;205;43;207;41;132;254;1;240;222;26;238;264;31;120;1;39;238;139;220;157;176;60;118;170;23;16;133;148;81;222;9;267;52;278;66;167;78;262;31;76;263;61;144;83;139;103;265;255;82;234;7;75;19;227;247;201;252;7;257;229;168;149;96;244;284;96;108
ATZZ;Extra-Regio NUTS 2;AT;2008;275;27;186;94;43;93;277;88;247;147;299;122;286;217;107;173;142;215;137;112;110;58;117;259;97;173;108;1;117;116;131;203;44;174;273;3;248;130;182;107;294;256;76;162;124;208;69;88;192;77;44;15;79;12;134;89;222;251;227;9;122;227;191;85;178;209;34;298;226;133;177;266;282;245;269;189;106;182;21;265
PL11;?¢dzkie;PL;2005;51;4;90;203;201;98;173;122;299;38;237;20;231;174;87;122;17;89;239;18;267;212;205;139;218;57;170;1;284;270;24;49;259;168;255;45;154;208;62;261;234;162;128;226;7;78;161;101;184;217;43;173;273;247;170;139;241;186;60;174;140;18;188;176;78;168;189;20;300;128;261;246;47;126;241;121;145;62;224;50
PL12;Mazowieckie;PL;2001;251;212;224;49;160;96;14;259;28;98;136;211;42;138;205;196;113;21;122;159;22;299;284;44;130;232;190;1;168;43;18;279;9;3;266;283;133;287;180;87;140;299;164;206;95;69;144;32;290;1;56;141;135;59;282;92;10;151;9;34;144;297;132;142;246;276;209;280;72;222;294;70;97;264;43;231;41;35;12;92
PL21;Ma?opolskie;PL;2009;289;94;206;176;228;99;161;75;14;124;114;70;41;181;141;132;53;1;233;230;281;162;127;283;256;187;237;1;31;42;87;117;57;28;230;257;129;80;146;258;118;73;23;71;216;134;167;129;83;145;296;224;213;193;184;42;61;93;207;149;17;84;16;84;129;203;223;17;154;298;287;168;22;131;170;71;246;246;127;47
PL22;?l?skie;PL;2010;125;185;255;13;120;280;183;203;263;1;6;258;99;121;66;235;280;73;58;44;167;79;102;112;252;264;146;1;218;275;171;259;154;164;287;148;201;157;107;146;150;216;268;8;204;210;55;259;236;62;15;160;196;55;154;17;126;155;133;166;82;121;129;248;203;208;145;263;267;200;37;233;244;79;213;168;70;246;31;102
PL31;Lubelskie;PL;2002;11;253;158;78;21;122;25;279;296;147;143;259;182;57;29;208;80;251;8;260;200;47;99;31;251;258;170;1;198;185;138;291;133;24;29;61;129;36;31;260;2;12;203;38;203;287;135;257;62;53;265;101;85;294;162;183;40;193;282;267;68;141;96;220;178;268;140;46;288;196;169;36;36;52;231;120;86;10;25;99
PL32;Podkarpackie;PL;2014;100;27;31;25;222;119;299;179;38;213;12;163;188;219;62;211;19;75;259;283;77;232;275;140;221;202;113;1;31;230;77;144;52;208;288;102;47;36;210;169;201;221;182;47;253;36;43;178;168;9;30;98;16;189;218;43;12;224;108;248;39;124;83;92;105;150;74;85;31;213;32;194;105;198;4;265;76;80;174;65
PL33;?wi?tokrzyskie;PL;2003;286;68;14;16;207;169;50;158;281;49;63;262;117;164;95;23;246;212;41;156;129;73;178;115;5;149;252;1;170;59;245;96;94;231;131;133;289;11;130;15;67;121;134;227;177;197;160;71;64;297;255;128;49;29;107;163;287;227;62;257;137;110;154;264;256;236;265;268;298;203;247;276;132;212;24;297;181;221;291;52
PL34;Podlaskie;PL;2006;248;57;265;165;254;166;106;138;16;291;34;241;155;38;62;295;61;220;65;219;78;237;55;154;11;231;203;1;293;280;131;245;275;43;281;190;171;169;37;79;277;70;264;97;213;15;288;162;275;18;59;242;163;65;200;232;90;282;181;225;102;87;294;34;58;16;56;248;50;118;198;297;162;188;156;58;38;242;259;253
PL41;Wielkopolskie;PL;2005;175;263;131;227;171;286;30;197;278;288;87;290;233;189;122;294;198;240;72;234;152;128;147;43;250;219;134;1;222;102;148;89;170;226;80;141;219;32;202;12;89;12;267;291;269;293;66;241;178;4;33;177;143;291;115;34;249;75;70;139;271;34;150;120;44;128;23;250;291;159;161;49;123;14;72;207;96;283;193;248
PL42;Zachodniopomorskie;PL;2013;28;22;118;119;147;118;80;204;162;245;32;270;165;52;157;292;47;85;226;65;87;254;114;218;89;168;173;1;32;50;146;229;263;47;291;277;246;54;21;289;256;105;240;243;239;285;86;184;13;130;25;127;23;13;140;42;202;245;198;54;150;74;138;102;168;72;278;2;29;101;227;183;89;296;298;188;146;228;240;141
PL43;Lubuskie;PL;2010;24;50;134;244;59;227;154;173;73;142;2;163;26;14;277;92;146;169;9;174;123;190;173;58;8;97;237;1;62;166;73;45;100;161;206;212;195;125;115;77;123;98;62;138;140;137;273;183;251;44;272;11;225;139;95;228;146;116;9;292;17;5;133;281;226;155;270;190;221;211;227;203;5;19;205;46;135;280;253;26
PL51;Dolno?l?skie;PL;2014;286;198;125;63;214;239;40;266;130;20;183;52;217;228;23;212;72;116;107;25;84;32;272;253;35;27;25;1;129;179;177;263;220;204;49;186;298;47;253;217;148;294;97;295;277;73;19;217;165;206;118;169;67;184;54;219;248;258;209;96;74;238;110;166;147;111;293;86;33;22;295;70;268;140;218;244;125;51;165;196
PL52;Opolskie;PL;2005;259;105;105;86;85;297;211;10;197;100;289;177;194;254;175;180;222;65;51;25;31;162;41;144;279;6;101;1;139;242;74;272;285;295;97;209;1;24;74;243;90;145;13;285;139;17;179;272;156;26;20;68;229;156;42;286;14;45;127;167;105;54;70;45;253;36;191;172;186;244;156;88;2;220;221;287;110;176;296;81
PL61;Kujawsko-Pomorskie;PL;2014;199;204;255;60;90;213;79;87;150;290;277;3;83;28;180;231;248;203;143;202;98;87;112;280;228;251;144;1;178;33;236;163;99;102;227;121;287;191;135;177;262;53;107;190;49;137;97;77;9;238;118;220;172;151;221;177;160;100;296;45;214;134;211;260;142;47;112;246;230;169;250;160;276;233;244;281;214;279;271;137
PL62;Warmi?sko-Mazurskie;PL;2001;47;146;187;154;290;247;175;117;209;51;118;215;159;122;292;123;85;161;71;36;8;170;119;47;162;214;140;1;18;67;267;60;199;149;279;111;150;218;60;193;15;48;258;169;128;286;184;33;33;108;140;168;71;201;285;193;145;225;237;119;203;254;176;125;11;127;10;27;4;112;112;220;214;80;138;232;156;58;41;276
PL63;Pomorskie;PL;2004;138;299;274;207;89;250;162;151;287;7;283;284;214;143;29;14;46;58;147;71;283;287;134;30;44;143;164;1;44;285;162;148;225;175;294;257;34;122;264;228;249;197;291;200;108;49;265;264;209;88;59;95;222;125;2;54;252;290;99;172;91;222;219;64;41;63;70;7;231;56;265;298;175;48;223;128;25;186;31;155
PLZZ;Extra-Regio NUTS 2;PL;2004;30;246;64;39;50;148;172;273;28;221;25;253;123;24;15;105;243;254;149;62;198;232;224;68;31;123;77;1;280;231;205;17;264;10;152;156;5;3;128;291;151;123;273;222;34;60;244;128;84;225;39;246;122;268;12;104;178;299;174;26;4;15;33;101;211;127;183;231;285;295;132;165;86;2;275;87;121;289;233;81
PT11;Norte;PT;2013;216;75;269;16;209;260;45;209;257;293;156;182;247;9;54;296;290;234;47;81;92;128;76;24;41;46;48;1;236;55;55;201;271;239;14;203;286;26;36;164;41;140;247;235;179;259;294;131;229;132;202;274;23;240;2;282;73;109;172;27;86;210;102;69;60;286;177;121;9;26;122;82;104;26;77;289;117;232;176;186
PT15;Algarve;PT;2014;141;296;157;37;30;129;46;5;101;73;14;18;144;52;132;86;177;147;49;128;162;7;70;196;97;102;168;1;87;137;145;258;82;45;168;86;282;11;188;277;211;260;123;216;52;204;114;131;52;119;18;138;131;150;71;36;72;289;131;42;180;154;88;140;190;168;88;92;29;51;181;78;217;211;35;127;228;136;8;237
PT16;Centro (PT);PT;2012;206;199;269;5;189;176;64;38;165;6;20;61;176;125;146;194;298;72;190;297;53;172;133;75;167;85;251;1;69;99;117;13;146;42;64;104;220;73;174;61;222;12;123;188;238;189;227;142;21;180;167;140;68;237;159;240;227;236;118;103;95;6;84;286;236;286;152;248;143;294;219;258;88;299;185;173;119;36;216;6
PT17;µrea Metropolitana de Lisboa;PT;2001;131;100;269;262;285;134;241;129;214;266;14;139;1;1;1;1;1;1;1;1;123,8;95;68;84;213;117;8;1;87;291;255;163;69;272;91;55;288;32;8;223;269;118;62;44;272;58;118;41;170;134;7;170;214;281;127;217;87;161;225;202;134;221;178;83;103;105;249;181;185;234;268;152;18;237;291;201;257;2;204;188
PT18;Alentejo;PT;2015;109;300;28;122;7;100;226;62;123;60;150;269;280;77;229;80;200;212;133;180;227;235;108;263;130;54;65;1;145;105;138;270;158;282;49;98;221;70;47;145;59;43;219;12;119;200;67;290;90;236;287;49;240;282;139;126;145;37;224;98;38;290;80;174;177;82;56;138;283;71;220;232;43;292;198;207;77;300;190;219
PT20;Regi∆o Aut¢noma dos Aáores;PT;2004;81;227;268;164;137;1;141;183;195;128;185;28;108;247;42;83;272;166;99;215;260;206;240;236;23;65;165;1;119;15;105;105;24;90;215;188;151;39;14;216;94;51;175;110;211;27;45;242;61;261;69;84;268;229;202;295;229;270;207;54;177;292;23;197;284;240;168;235;237;180;156;269;208;125;57;27;204;257;52;82
PT30;Regi∆o Aut¢noma da Madeira;PT;2015;267;235;204;296;265;224;206;222;193;141;140;218;196;12;282;297;44;64;229;238;175;140;4;293;57;139;45;1;286;240;15;111;248;175;285;122;42;213;62;205;43;43;81;296;122;165;155;216;86;54;42;222;83;122;149;51;275;103;244;236;89;81;39;134;27;93;19;226;202;111;53;263;83;80;291;25;155;46;232;36
PTZZ;Extra-Regio NUTS 2;PT;2010;92;210;9;234;296;163;255;36;264;8;126;159;170;28;241;214;87;38;139;137;272;1;185;14;295;50;170;1;176;205;195;80;65;48;60;264;77;266;98;114;214;77;221;145;62;194;64;290;142;107;41;30;286;133;249;20;203;117;289;282;181;281;284;109;262;278;227;189;61;45;170;49;39;60;192;144;253;192;114;254
RO11;Nord-Vest;RO;2007;219;92;92;189;240;53;198;153;184;252;159;238;216;155;52;272;112;191;52;54;204;47;265;80;26;105;136;1;106;38;36;244;253;127;210;273;83;157;240;204;226;23;249;210;200;71;156;104;195;224;78;151;152;242;151;150;99;12;17;219;135;286;21;120;71;16;90;193;191;199;261;114;42;110;300;211;151;244;200;112
RO12;Centru;RO;2011;39;141;57;65;111;162;162;207;131;87;186;214;196;23;180;257;114;6;67;52;207;268;227;84;31;154;77;1;240;120;198;137;122;59;198;24;190;31;199;72;237;32;146;293;214;189;193;293;116;131;74;46;102;4;188;117;121;244;19;51;87;277;230;248;198;205;295;43;174;121;225;191;157;165;139;85;232;221;214;265
RO21;Nord-Est;RO;2009;27;166;97;15;238;210;47;100;188;149;136;291;126;207;96;184;281;235;300;227;230;83;53;125;254;143;242;1;43;215;279;97;292;53;81;123;39;120;78;54;157;114;270;97;217;59;119;103;72;123;256;20;274;257;163;182;6;281;300;15;264;292;33;227;212;47;94;98;116;213;251;244;133;126;256;145;284;78;140;150
RO22;Sud-Est;RO;2007;226;96;210;243;290;198;144;145;3;112;52;114;164;198;233;203;72;18;181;218;297;128;231;46;74;252;162;1;113;199;8;183;250;130;172;95;111;81;21;203;4;51;74;127;47;215;17;47;217;141;195;126;116;214;265;66;225;277;13;127;258;209;97;202;112;249;145;243;187;224;233;114;31;114;183;184;202;108;8;68
RO31;Sud - Muntenia;RO;2014;241;79;241;260;69;170;149;206;33;67;209;211;249;190;42;227;103;300;207;35;268;179;257;100;254;4;245;1;299;121;16;237;264;60;190;14;221;201;207;168;278;296;43;196;41;239;184;235;151;91;167;10;124;113;6;182;4;263;143;84;217;48;108;222;229;194;163;273;8;256;223;250;224;147;72;72;136;104;28;123
RO32;Bucure?ti - Ilfov;RO;2007;23;218;167;50;195;216;228;65;248;292;212;117;10;260;217;105;19;68;212;213;294;186;145;288;164;10;16;1;180;82;273;33;236;91;35;123;161;100;62;30;270;124;162;115;17;119;255;277;253;130;203;202;147;48;174;144;293;130;291;21;269;143;65;173;4;72;110;140;92;96;171;15;292;18;207;45;277;78;37;271
RO41;Sud-Vest Oltenia;RO;2009;37;265;14;246;55;222;191;251;270;159;298;300;241;243;138;298;133;94;95;280;242;176;209;269;267;140;244;1;162;8;138;52;196;221;215;255;263;189;174;16;271;177;296;136;254;29;182;242;73;49;112;11;274;284;29;15;218;182;175;168;300;126;172;108;237;40;61;130;106;255;102;265;234;92;82;115;160;84;219;157
RO42;Vest;RO;2007;144;123;218;244;285;43;276;156;229;89;165;100;246;103;18;97;195;270;12;171;187;162;190;20;112;190;5;1;153;281;99;227;43;8;219;276;132;118;29;112;109;105;100;226;51;22;60;264;119;219;124;17;206;97;102;117;51;53;143;297;265;188;238;69;30;278;179;288;21;224;78;275;14;273;268;9;64;208;235;284
ROZZ;Extra-Regio NUTS 2;RO;2001;166;15;137;255;12;16;165;143;4;31;45;41;96;143;52;151;27;183;273;66;236;40;223;277;126;55;242;1;249;283;98;256;239;49;267;77;260;187;124;136;114;228;188;255;126;44;41;172;21;263;123;78;69;97;291;239;44;168;234;284;154;228;238;192;155;82;234;239;223;185;109;230;42;64;199;165;126;215;120;239
SI03;Vzhodna Slovenija;SI;2005;194;211;82;129;221;115;290;262;254;261;271;131;145;69;130;94;12;200;40;263;17;44;260;90;86;145;110;1;36;85;161;151;179;261;46;295;137;206;126;93;129;172;183;153;171;16;80;183;37;195;191;171;172;189;16;191;211;269;187;125;295;10;124;260;166;69;227;273;254;71;292;267;116;208;299;217;128;167;169;73
SI04;Zahodna Slovenija;SI;2006;187;150;267;131;82;170;132;208;105;288;20;171;244;98;213;141;128;23;38;201;36;71;148;176;150;112;72;1;60;194;171;170;203;200;68;292;4;170;167;105;139;227;258;204;195;249;92;1;215;213;235;178;14;44;193;246;270;100;232;192;250;283;269;270;76;176;111;59;116;229;106;159;66;123;160;83;172;242;183;217
SIZZ;Extra-Regio NUTS 2;SI;2013;90;142;163;144;43;130;101;292;158;299;260;118;56;22;207;56;219;298;254;228;59;217;49;242;2;267;140;1;130;30;280;175;261;11;162;261;95;137;292;255;145;147;263;84;197;97;298;215;222;30;94;71;143;146;13;266;190;184;166;247;103;271;163;2;2;274;295;92;177;151;277;230;211;205;124;18;155;33;139;291
SK01;BratislavskÏ kraj;SK;2003;165;221;290;275;284;121;260;38;270;222;151;299;223;77;167;196;196;287;44;146;122;23;207;241;199;261;182;1;220;103;98;159;43;248;126;19;279;7;15;123;4;17;275;150;220;7;205;182;6;226;286;129;226;260;222;284;185;177;27;28;164;154;13;135;248;46;109;48;177;70;226;159;71;148;110;199;285;124;131;227
SK02;Z†padnÇ Slovensko;SK;2009;61;9;49;212;106;95;144;49;162;122;74;20;4;127;173;259;152;168;12;269;3;182;261;258;245;59;142;1;261;251;191;44;108;235;93;37;145;295;291;155;256;32;128;153;12;118;43;174;173;136;10;221;270;251;101;32;54;286;174;145;78;98;8;142;232;115;49;36;129;109;104;232;281;28;92;183;179;282;270;21
SK03;StrednÇ Slovensko;SK;2015;21;283;269;89;89;142;191;94;143;104;33;18;80;130;167;232;53;227;165;29;152;91;17;41;207;168;70;1;72;105;197;181;150;290;82;46;133;116;94;32;247;164;107;100;27;137;250;186;170;190;199;186;248;294;243;21;212;258;184;94;174;51;189;242;278;272;121;14;46;93;79;165;277;23;29;55;131;254;42;37
SK04;VÏchodnÇ Slovensko;SK;2002;181;224;89;189;267;198;263;211;120;176;9;284;224;58;124;119;195;30;202;163;90;72;16;189;127;70;28;1;16;242;263;227;261;13;174;158;210;10;293;7;29;211;180;237;159;294;265;51;206;300;204;131;286;66;41;98;284;142;262;279;242;52;18;25;139;203;234;100;260;239;52;123;40;105;268;78;64;2;8;75
SKZZ;Extra-Regio NUTS 2;SK;2013;39;90;274;237;127;10;126;25;49;37;139;208;99;282;158;171;300;130;263;285;288;296;290;197;23;294;24;1;1;69;216;206;148;231;14;293;113;7;2;39;83;229;236;92;93;215;5;131;57;93;299;47;239;226;153;236;252;62;243;127;151;182;118;204;229;48;267;2;222;156;30;253;274;211;4;227;154;217;113;105
FI19;LÑnsi-Suomi;FI;2014;82;120;146;124;297;96;58;229;119;187;98;137;268;82;155;42;269;219;237;249;121;162;87;300;300;75;213;1;298;85;110;168;169;36;268;44;185;250;247;130;111;109;182;190;300;257;55;67;102;191;167;9;238;243;189;137;111;45;296;80;132;238;242;58;206;274;266;28;213;44;232;281;250;241;192;78;101;12;111;236
FI1B;Helsinki-Uusimaa;FI;2008;121;190;243;59;178;152;226;192;281;137;263;26;159;73;217;188;44;188;53;137;23;167;214;87;1;278;54;1;35;143;169;46;173;66;71;14;253;31;143;125;109;248;161;229;252;266;97;89;268;267;27;89;8;218;245;31;57;78;29;265;262;239;291;186;248;253;77;197;277;103;253;127;192;120;134;183;73;186;230;235
FI1C;EtelÑ-Suomi;FI;2003;200;222;73;181;119;210;207;79;163;84;235;32;91;221;284;123;80;210;70;286;267;23;88;54;209;67;185;1;66;256;174;62;211;89;275;280;208;55;164;266;164;50;124;157;127;47;10;6;126;184;277;134;125;205;55;210;32;256;181;140;16;150;272;14;208;257;208;45;109;20;278;49;239;97;145;281;234;164;209;268
FI1D;Pohjois- ja ItÑ-Suomi;FI;2005;199;228;64;70;119;138;202;162;38;250;208;184;9;72;268;44;219;126;95;221;6;3;136;185;53;190;62;1;71;160;252;61;235;154;50;251;298;229;175;218;51;298;278;128;106;148;133;272;178;157;275;32;225;282;129;297;225;213;146;77;182;124;27;299;13;66;222;65;111;69;8;138;60;149;31;58;140;78;289;52
FI20;èland;FI;2014;44;289;50;259;82;281;261;26;1;142;260;154;292;282;281;192;9;150;104;105;74;144;74;125;159;273;161;1;81;122;144;194;17;216;85;57;242;286;29;252;241;298;170;242;86;122;147;152;125;245;280;164;261;20;118;138;253;39;172;72;172;212;104;183;135;227;145;290;181;131;136;197;155;217;282;141;194;232;160;12
FIZZ;Extra-Regio NUTS 2;FI;2007;225;241;45;104;192;190;279;24;1;224;289;216;61;218;112;152;48;173;250;255;297;32;125;118;215;28;36;1;144;275;109;113;211;172;218;266;290;265;141;148;36;17;92;167;60;40;69;88;174;150;106;21;239;271;267;49;240;184;188;256;200;17;220;107;144;212;137;90;131;17;159;119;139;132;82;270;285;44;113;143
SE11;Stockholm;SE;2014;134;1;160;228;7;187;61;243;44;62;173;216;23;282;103;29;50;60;215;244;267;226;26;246;285;3;220;1;274;58;291;104;103;91;194;153;90;5;290;185;30;72;100;291;204;123;217;103;160;214;266;94;35;136;159;85;116;76;209;247;15;69;21;127;270;7;112;111;295;164;203;61;197;279;161;92;292;226;270;270
SE12;ôstra Mellansverige;SE;2014;121;161;295;39;44;121;85;259;6;229;97;45;43;71;188;201;130;118;172;298;135;73;180;9;60;255;295;1;240;259;49;71;256;243;273;277;98;201;214;290;239;177;169;126;280;288;222;224;76;291;57;46;145;19;252;159;263;54;38;69;230;198;156;6;44;157;218;101;16;259;186;210;49;86;112;65;232;244;267;22
SE21;SmÜland med îarna;SE;2010;221;127;67;223;30;236;122;120;28;57;218;91;13;226;299;115;157;247;218;126;173;269;167;250;261;98;271;1;98;81;265;125;27;184;231;98;241;166;123;85;244;160;64;35;80;221;40;159;53;76;150;212;101;17;267;21;64;18;164;227;225;125;292;15;254;102;157;86;156;138;59;87;183;43;222;257;138;90;66;97
SE22;Sydsverige;SE;2015;210;297;174;33;291;204;110;263;34;164;240;117;297;273;245;15;256;255;158;248;258;124;137;18;69;124;209;1;227;214;170;95;23;51;290;179;143;55;237;212;225;183;178;76;138;22;152;191;231;224;124;80;235;212;291;265;119;143;55;126;106;154;299;42;246;147;34;174;235;82;167;213;119;158;45;239;24;106;132;217
SE23;VÑstsverige;SE;2009;105;136;253;179;271;82;38;187;161;247;211;295;235;242;13;279;229;187;117;115;21;10;204;243;136;161;215;1;1;297;245;166;274;28;223;182;16;203;248;178;122;96;65;277;191;191;256;2;9;191;208;82;121;40;148;204;178;233;63;62;111;205;162;102;57;187;43;181;114;171;273;85;294;239;235;64;232;33;67;43
SE31;Norra Mellansverige;SE;2001;281;111;125;211;42;176;193;192;109;296;164;194;125;96;98;300;251;251;234;87;271;252;114;195;208;172;218;1;55;204;73;51;61;85;39;202;169;35;233;95;43;63;131;40;268;25;22;161;285;8;75;76;222;226;8;228;41;240;101;207;255;190;33;22;22;101;43;100;82;244;289;26;88;181;13;159;36;90;237;173
SE32;Mellersta Norrland;SE;2006;147;249;245;47;13;248;6;84;36;213;21;3;271;128;126;220;265;269;42;256;1;99;212;4;199;4;95;1;255;41;240;274;165;34;281;214;141;256;21;39;9;20;252;227;243;283;210;167;135;236;12;275;7;111;148;21;16;41;281;119;7;211;155;267;133;238;151;281;3;9;74;206;234;29;60;24;280;52;292;278
SE33;ôvre Norrland;SE;2012;294;61;156;181;288;287;211;118;202;168;158;168;258;265;236;199;250;10;32;193;202;145;278;2;216;128;171;1;147;93;230;60;271;290;112;64;41;105;238;14;14;127;130;85;14;103;19;124;35;95;249;245;187;159;45;257;171;272;281;289;145;202;99;114;135;270;219;149;121;122;273;295;63;88;104;203;46;209;126;104
SEZZ;Extra-Regio NUTS 2;SE;2004;51;158;210;29;264;157;232;194;178;258;112;188;144;117;171;109;239;133;126;142;202;181;298;277;232;43;20;1;99;259;23;70;156;23;286;2;154;139;283;265;285;188;29;211;198;6;139;97;128;142;57;63;78;278;144;10;124;289;201;234;192;83;250;131;281;252;148;34;15;124;76;86;227;291;7;120;253;36;271;105
UKC1;Tees Valley and Durham;UK;2002;49;125;17;176;208;138;255;20;30;260;188;241;129;59;65;123;91;240;161;199;220;284;39;195;14;51;151;1;23;107;44;90;76;296;17;184;255;203;273;135;232;15;173;26;170;217;288;223;83;249;277;202;38;78;274;107;270;245;30;191;247;38;5;182;119;271;217;68;230;82;99;37;298;63;174;50;176;18;135;136
UKC2;Northumberland and Tyne and Wear;UK;2014;161;300;267;39;249;91;283;156;294;41;263;78;275;30;167;225;193;161;123;40;45;246;284;42;144;273;117;1;63;43;34;247;240;174;158;270;145;15;269;27;128;67;184;77;280;205;218;216;3;288;123;123;299;197;65;156;156;251;243;97;109;27;171;9;271;291;200;79;108;28;63;126;289;239;258;208;270;218;300;166
UKD1;Cumbria;UK;2002;9;147;84;21;215;227;95;8;22;269;119;242;162;287;234;6;19;172;124;59;210;279;97;271;10;59;20;1;95;36;55;137;290;288;67;201;280;292;48;190;230;261;76;39;69;72;258;23;28;240;212;135;115;253;74;182;9;226;248;200;246;264;93;114;218;290;229;277;281;150;10;30;214;200;296;106;189;60;299;188
UKD3;Greater Manchester;UK;2004;68;146;286;97;100;280;211;139;80;78;22;165;252;50;283;234;246;96;183;1;194;147;106;171;80;242;207;1;58;23;117;81;35;158;166;186;32;174;186;20;198;201;94;79;232;27;296;70;23;221;248;168;52;123;193;263;3;131;137;18;185;67;14;218;117;64;38;49;35;52;234;243;202;163;79;78;177;64;184;136
UKD4;Lancashire;UK;2014;39;214;177;59;128;212;142;274;29;127;120;223;36;123;291;132;77;209;212;200;114;162;10;172;31;97;161;1;235;18;42;42;30;48;55;100;285;174;175;12;42;5;248;260;205;72;267;16;70;159;223;287;56;123;180;175;222;222;278;178;271;161;242;131;17;181;164;190;109;270;173;208;297;82;82;68;245;2;29;110
UKD6;Cheshire;UK;2009;108;145;205;162;82;279;66;227;293;221;208;129;89;300;67;275;206;109;259;167;10;265;248;102;18;83;12;1;25;176;95;146;290;225;137;17;63;56;159;84;230;203;235;39;71;270;226;99;27;157;273;16;276;188;284;216;24;220;202;165;260;288;128;53;145;239;10;238;133;13;83;297;247;267;226;152;82;16;71;242
UKD7;Merseyside;UK;2007;60;71;44;103;31;105;256;36;89;62;6;110;253;247;272;6;115;5;221;132;141;139;43;72;287;149;68;1;256;226;106;65;18;247;165;151;298;97;268;280;23;242;200;86;101;155;212;95;210;61;56;130;246;61;210;174;230;238;293;210;167;121;96;28;118;249;127;93;268;128;259;221;236;176;122;84;80;265;261;30
UKE1;East Yorkshire and Northern Lincolnshire;UK;2003;43;98;58;76;31;94;164;230;294;195;163;99;201;132;11;249;80;2;129;251;217;60;104;267;30;39;3;1;95;27;142;290;112;4;143;76;54;25;171;282;125;277;295;295;26;296;213;264;262;89;93;86;55;231;227;291;150;118;119;290;118;219;17;41;181;282;117;281;215;123;137;18;271;282;41;131;51;125;70;212
UKE2;North Yorkshire;UK;2011;55;38;94;82;122;267;257;248;273;211;132;167;159;155;217;72;266;238;236;147;265;133;282;133;269;126;210;1;264;71;100;23;250;207;102;58;53;288;1;140;58;61;189;88;279;100;91;92;294;62;53;248;53;67;31;170;91;72;25;104;47;139;47;71;253;225;135;23;104;27;214;280;197;144;259;186;277;29;136;187
UKE3;South Yorkshire;UK;2005;10;136;169;126;98;269;185;165;183;56;99;280;223;278;44;92;291;229;257;260;197;186;12;246;195;202;98;1;109;74;128;135;219;289;211;155;171;133;49;27;290;106;78;230;201;152;162;129;210;297;238;74;143;19;143;69;90;290;171;185;170;169;109;217;39;112;181;204;75;108;193;3;21;107;245;3;28;157;20;142
UKE4;West Yorkshire;UK;2015;134;278;45;281;74;63;51;17;12;258;284;148;49;64;253;241;274;92;44;235;69;96;130;291;61;257;254;1;224;18;80;194;197;229;6;37;150;175;92;240;267;14;237;41;57;141;88;168;205;216;270;269;29;289;73;81;127;263;294;18;146;134;48;205;126;263;104;194;221;89;23;47;243;121;76;166;281;180;231;219
UKF1;Derbyshire and Nottinghamshire;UK;2003;292;86;3;22;1;65;254;254;214;35;293;290;90;67;82;290;50;211;48;14;192;157;105;61;285;9;297;1;225;34;32;85;22;258;218;7;137;141;47;223;89;183;164;280;156;291;163;2;145;160;92;157;139;236;193;233;123;49;204;253;99;94;277;30;238;130;47;244;32;118;256;113;165;140;258;16;86;285;17;91
UKF2;Leicestershire, Rutland and Northamptonshire;UK;2001;1;1;1;1;1;1;1;1;123,8;1;1;209;141;210;92;54;294;138;122;192;201;16;224;37;297;145;135;1;88;184;203;247;216;163;41;127;66;216;66;267;104;160;70;55;233;274;204;225;21;67;298;267;68;290;250;181;217;19;175;131;32;139;117;250;282;208;279;75;169;232;193;100;266;269;48;159;208;93;29;71
UKF3;Lincolnshire;UK;2007;28;94;249;52;134;11;15;31;193;166;189;271;70;3;9;243;265;256;222;36;160;238;150;146;15;138;197;1;291;232;84;80;204;267;205;14;213;247;204;146;264;233;101;147;255;284;202;207;221;82;258;121;125;76;251;223;138;19;151;53;189;290;137;94;219;36;203;130;217;264;205;226;54;220;289;177;134;158;107;14
UKG1;Herefordshire, Worcestershire and Warwickshire;UK;2001;22;299;266;38;85;43;294;44;47;95;108;105;150;45;26;276;225;285;63;164;40;138;74;261;219;42;120;1;93;135;251;144;211;51;93;14;85;19;4;246;149;222;261;207;111;234;175;2;167;103;265;113;103;168;241;58;243;250;27;213;158;127;95;39;278;224;59;65;112;152;38;264;145;197;277;182;292;75;29;144
UKG2;Shropshire and Staffordshire;UK;2009;229;286;279;13;42;103;173;213;75;65;243;191;151;246;84;178;90;219;105;251;249;228;179;49;91;99;24;1;299;105;277;158;9;27;210;287;297;275;14;121;45;65;150;253;241;296;267;110;220;214;71;49;90;76;286;78;297;42;87;158;21;155;237;46;63;29;189;157;205;206;98;244;268;117;15;174;19;282;102;177
UKG3;West Midlands;UK;2015;166;56;106;220;251;16;83;162;92;282;126;268;181;6;214;51;59;141;129;286;234;103;59;49;16;22;11;1;88;153;123;121;280;76;278;186;132;25;96;38;40;263;54;248;104;89;113;151;246;241;33;123;123;231;291;83;24;45;248;134;184;39;104;228;228;104;76;226;15;213;249;135;211;250;234;288;206;200;1;216
UKH1;East Anglia;UK;2008;286;83;18;136;67;97;212;199;240;53;242;58;35;292;196;83;32;82;53;150;137;136;268;242;109;298;211;248;104;270;118;183;209;21;38;172;16;30;181;139;225;153;202;182;91;83;61;234;13;169;90;139;298;219;96;169;27;248;192;79;120;238;167;121;152;155;222;181;144;135;15;132;73;295;109;197;268;123;122;95
UKH2;Bedfordshire and Hertfordshire;UK;2011;243;17;190;262;51;147;276;183;228;150;10;163;97;223;53;289;142;148;221;103;268;30;54;276;40;117;44;237;201;2;71;120;252;215;31;15;161;158;261;221;179;157;234;250;255;244;53;35;119;167;135;300;147;229;59;171;153;31;221;283;295;140;124;73;187;294;9;126;206;231;160;201;130;223;255;76;80;204;175;268
UKH3;Essex;UK;2006;14;183;16;166;167;202;17;278;261;69;242;180;30;263;104;155;108;263;153;33;38;297;273;21;268;121;207;37;77;258;22;94;127;257;168;28;24;55;294;35;41;180;275;296;212;199;83;23;14;38;111;17;155;160;46;243;61;250;159;142;258;90;144;116;119;90;29;57;118;45;275;266;258;258;93;2;194;189;288;218
UKI3;Inner London - West;UK;2012;136;219;33;193;185;68;169;212;232;241;5;174;212;26;275;26;283;64;175;146;120;25;85;251;47;54;89;68;84;297;212;12;297;66;262;197;35;20;289;297;129;90;110;226;276;196;199;139;196;96;207;10;220;11;154;87;119;54;75;66;166;61;248;120;131;164;124;214;111;141;292;260;45;295;192;98;24;267;10;117
UKI4;Inner London - East;UK;2010;45;168;137;165;267;77;97;90;198;121;60;174;185;9;164;284;61;158;221;225;171;42;121;238;222;5;266;28;196;277;85;213;262;261;133;245;95;210;129;73;77;236;274;125;26;294;251;93;63;1;44;68;249;171;227;119;187;16;47;89;181;218;28;94;193;133;126;194;91;220;72;296;114;81;141;253;225;80;213;181
UKI5;Outer London - East and North East;UK;2012;63;78;264;279;93;151;85;207;280;144;24;83;106;50;83;196;248;38;292;101;131;186;27;158;92;65;275;229;43;31;114;91;10;288;196;261;276;53;27;250;88;163;230;124;171;64;271;135;115;264;299;53;144;131;264;92;131;247;9;239;183;127;173;5;293;73;110;289;125;34;111;268;173;160;150;297;78;133;56;60
UKI6;Outer London - South;UK;2013;139;138;58;111;232;153;245;130;46;280;45;129;189;290;27;293;149;289;20;113;260;1;3;188;236;28;179;62;221;144;237;248;92;253;45;289;7;230;202;54;37;74;229;66;245;209;200;64;198;241;248;281;181;281;296;232;277;273;155;225;111;10;274;126;29;44;1;159;206;214;21;223;34;140;119;210;253;160;69;249
UKI7;Outer London - West and North West;UK;2012;80;236;86;235;285;196;27;94;242;269;54;280;2;5;107;119;85;223;130;63;92;236;219;173;53;20;32;97;216;295;43;226;221;162;67;72;128;49;43;11;66;237;264;103;232;158;78;4;190;176;232;14;233;253;28;158;238;43;236;211;96;278;130;22;76;185;58;241;246;252;185;123;47;170;124;269;39;118;30;267
UKJ1;Berkshire, Buckinghamshire and Oxfordshire;UK;2011;243;119;254;69;163;4;190;206;248;158;276;157;1;3;188;27;129;158;265;260;114;102;121;123;265;21;204;76;162;51;173;220;286;270;140;241;113;250;195;168;126;106;132;278;6;236;76;237;88;131;247;163;190;186;266;298;4;26;220;93;299;143;38;226;179;168;218;98;239;247;227;121;62;107;279;27;182;30;193;250
UKJ2;Surrey, East and West Sussex;UK;2004;209;110;52;234;189;66;9;84;212;77;285;51;90;70;141;215;184;267;216;107;93;108;235;277;239;20;111;127;132;185;280;150;284;64;206;265;155;222;176;177;208;274;6;85;84;23;106;90;81;135;59;33;29;138;10;218;197;170;159;212;137;150;172;36;147;91;190;282;67;156;46;104;218;238;294;226;243;160;164;164
UKJ3;Hampshire and Isle of Wight;UK;2004;295;148;154;155;136;180;291;86;297;179;280;128;299;81;175;152;97;98;98;287;94;23;138;44;111;218;35;299;15;34;141;119;214;280;52;77;110;92;114;110;86;161;237;235;78;185;186;289;93;81;284;263;50;222;97;297;22;102;219;42;237;37;44;117;112;156;288;214;271;200;223;284;130;135;132;83;61;37;135;211
UKJ4;Kent;UK;2014;178;266;176;91;268;76;261;297;193;126;241;13;186;290;112;56;73;31;219;238;162;162;243;234;116;67;40;1;131;167;39;248;73;264;272;256;85;206;9;221;78;273;40;195;282;229;43;295;299;137;180;196;220;232;214;176;9;222;125;85;84;274;123;56;293;277;27;212;15;125;102;271;8;113;53;139;189;292;92;156
UKK1;Gloucestershire, Wiltshire and Bristol/Bath area;UK;2007;221;115;129;286;44;246;131;156;72;145;132;221;282;197;242;50;34;184;19;216;221;209;145;239;275;167;101;228;7;271;56;4;213;55;247;226;134;247;257;171;68;24;106;223;2;164;168;224;64;259;246;37;251;49;248;134;61;25;37;252;162;188;75;21;121;167;268;12;211;156;251;126;165;3;243;72;206;17;263;35
UKK2;Dorset and Somerset;UK;2002;166;206;183;275;257;116;249;157;84;274;44;187;196;186;29;96;155;8;131;48;245;163;243;263;4;293;8;230;194;210;103;212;170;286;279;8;178;182;128;91;74;179;119;92;85;251;218;49;163;129;60;172;11;56;225;172;280;162;203;221;53;115;106;158;101;144;81;22;67;279;52;115;89;228;266;171;222;263;174;60
UKK3;Cornwall and Isles of Scilly;UK;2006;65;124;218;115;38;66;270;132;244;172;200;213;285;62;258;200;299;129;32;175;118;151;18;64;132;282;228;273;286;204;4;20;208;245;77;51;185;79;170;289;30;231;77;82;225;162;112;261;126;67;275;194;109;261;194;125;273;226;27;291;194;165;48;101;70;74;229;294;232;286;289;76;50;56;47;104;122;25;294;180
UKK4;Devon;UK;2002;126;107;205;107;276;34;209;153;260;271;18;58;57;295;234;295;281;167;211;106;186;52;69;114;120;168;97;98;46;221;83;80;200;294;209;28;108;284;222;159;33;251;84;20;261;217;203;184;130;189;81;148;46;281;161;220;68;236;74;100;288;250;224;250;247;32;89;66;189;26;43;195;222;78;88;297;183;237;215;160
UKL1;West Wales and The Valleys;UK;2004;19;57;109;4;46;144;109;244;142;41;103;159;2;63;208;215;280;167;124;274;54;187;225;33;156;217;129;4;143;250;61;109;122;109;116;62;227;151;153;75;281;71;252;257;216;48;175;182;199;178;152;7;136;106;186;141;101;210;61;94;144;239;100;166;97;89;126;126;142;89;118;25;166;8;143;209;203;247;255;285
UKL2;East Wales;UK;2011;153;228;280;205;260;257;58;66;19;13;84;202;1;1;1;1;1;1;1;1;1;136;125;238;124;272;135;18;169;134;296;8;14;190;75;130;76;14;260;200;299;258;157;36;79;119;27;51;80;295;107;189;29;157;78;75;284;134;96;151;12;6;226;173;270;65;40;71;32;158;60;107;93;283;93;251;267;218;165;140
UKM2;Eastern Scotland;UK;2014;20;154;187;176;246;144;48;77;15;253;4;230;1;1;1;1;1;1;1;1;1;153;138;2;46;93;21;17;116;5;250;150;47;230;296;264;236;105;204;81;115;201;100;162;48;94;147;215;41;13;105;36;241;116;33;294;13;212;145;294;159;151;61;31;268;221;152;101;262;260;123;56;277;164;282;9;252;121;41;105
UKM3;South Western Scotland;UK;2003;151;264;283;134;224;106;260;295;216;166;218;154;1;1;1;1;1;1;1;1;1;179;151;45;151;137;60;105;87;68;184;278;239;179;274;271;131;294;263;201;85;296;95;147;230;172;257;89;172;189;76;39;61;283;100;179;232;255;214;298;262;171;125;204;65;172;158;146;285;63;170;140;278;269;55;7;265;124;154;79
UKM5;North Eastern Scotland;UK;2010;133;63;50;268;11;274;153;231;230;228;154;154;1;1;1;1;1;1;1;1;1;242;126;48;220;131;89;237;34;211;248;217;95;85;275;218;55;229;119;113;78;272;77;251;117;75;271;79;264;37;192;15;21;35;27;186;173;39;274;299;45;91;264;157;197;193;138;269;195;186;39;260;269;191;113;241;44;175;90;84
UKM6;Highlands and Islands;UK;2009;99;2;279;130;182;243;293;68;53;212;83;245;1;1;1;1;1;1;1;1;1;152;171;127;249;183;271;11;165;179;195;240;17;172;286;242;187;121;155;15;263;195;109;274;68;186;257;212;91;66;267;100;124;118;47;280;117;285;166;151;146;177;146;49;16;209;230;116;20;214;220;256;161;10;48;77;92;147;26;219
UKN0;Northern Ireland;UK;2005;276;87;240;115;197;202;53;141;272;41;149;102;1;1;1;1;1;1;1;1;1;135;49;179;28;215;289;197;13;7;264;240;270;90;34;79;115;146;143;154;154;195;223;293;51;137;45;149;84;273;103;272;268;146;116;158;168;39;165;6;87;71;82;93;256;4;232;163;273;170;100;162;111;295;49;270;191;54;41;140
UKZZ;Extra-Regio NUTS 2;UK;2006;108;52;41;168;106;161;3;249;217;244;267;70;1;1;1;1;1;1;1;1;1;185;114;81;108;113;73;72;210;19;203;163;266;241;167;283;199;214;95;8;158;102;19;103;241;115;190;67;295;26;182;21;145;143;295;292;131;280;163;266;228;280;188;132;94;279;27;243;199;49;31;155;51;122;63;205;78;261;137;116
